航班号,出港城市,到港城市,出发时刻,班期,产品,航空公司,起飞城市所属省/市,降落城市所属省/市,起飞城市机场名称,降落城市机场名称,起飞机场IATA代码,降落机场IATA代码,降落时刻,备注,有效开始日期,有效结束日期,指定日期,来源行
GX8855,南宁,成都,19:15,246,2666,北部湾航空,广西,四川,南宁吴圩国际机场,成都天府国际机场,NNG,TFU,20:55,,2026-09-01,2026-10-24,,2
GX8872,徐州,海口,19:25,13457,2666,北部湾航空,江苏,海南,徐州观音国际机场,海口美兰国际机场,XUZ,HAK,22:20,,2026-09-01,2026-10-24,,3
GX8872,徐州,海口,20:00,1357,666/2666,北部湾航空,江苏,海南,徐州观音国际机场,海口美兰国际机场,XUZ,HAK,22:55,9.28始,2026-09-28,2026-10-24,,4
GX8872,徐州,海口,22:20,26,666/2666,北部湾航空,江苏,海南,徐州观音国际机场,海口美兰国际机场,XUZ,HAK,01:00,,2026-09-01,2026-10-24,,5
HU0640,琼海,三亚,01:05,3,666/2666,海南航空,海南,海南,琼海博鳌机场,三亚凤凰国际机场,BAR,SYX,02:05,仅9.9,,,2026-09-09,6
HU6401,琼海,海口,01:30,5,666/2666,海南航空,海南,海南,琼海博鳌机场,海口美兰国际机场,BAR,HAK,02:30,仅9.4,,,2026-09-04,7
HU6401,三亚,海口,02:00,3,666/2666,海南航空,海南,海南,三亚凤凰国际机场,海口美兰国际机场,SYX,HAK,21:15,仅9.2,,,2026-09-02,8
HU6401,三亚,海口,02:00,4,666/2666,海南航空,海南,海南,三亚凤凰国际机场,海口美兰国际机场,SYX,HAK,05:00,仅9.3,,,2026-09-03,9
HU6401,三亚,琼海,02:00,34,666/2666,海南航空,海南,海南,三亚凤凰国际机场,琼海博鳌机场,SYX,BAR,03:00,仅9.2 9.3,,,2026-09-02|2026-09-03,10
PN6377,郑州,昆明,06:00,1234567,666/2666,西部航空,河南,云南,郑州新郑国际机场,昆明长水国际机场,CGO,KMG,08:35,,2026-09-01,2026-10-24,,11
PN6497,重庆,中卫,06:00,1357,666/2666,西部航空,重庆,宁夏,重庆江北国际机场,中卫沙坡头机场,CKG,ZHY,08:10,,2026-09-01,2026-10-24,,12
PN6497,重庆,乌鲁木齐,06:00,1357,666/2666,西部航空,重庆,新疆,重庆江北国际机场,乌鲁木齐天山国际机场,CKG,URC,11:50,,2026-09-01,2026-10-24,,13
PN6259,重庆,南京,06:05,1234567,666/2666,西部航空,重庆,江苏,重庆江北国际机场,南京禄口国际机场,CKG,NKG,08:15,,2026-09-01,2026-10-24,,14
9H8309,西安,大连,06:10,1357,666/2666,长安航空,陕西,辽宁,西安咸阳国际机场,大连周水子国际机场,XIY,DLC,08:30,,2026-09-01,2026-10-24,,15
PN6453,郑州,广州,06:10,1234567,666/2666,西部航空,河南,广东,郑州新郑国际机场,广州白云国际机场,CGO,CAN,08:25,,2026-09-01,2026-10-24,,16
9H8317,西安,敦煌,06:15,1234567,666/2666,长安航空,陕西,甘肃,西安咸阳国际机场,敦煌莫高国际机场,XIY,DNH,09:00,,2026-09-01,2026-10-24,,17
Y87525,深圳,济南,06:15,1234567,666/2666,金鹏航空,广东,山东,深圳宝安国际机场,济南遥墙国际机场,SZX,TNA,08:45,,2026-09-01,2026-10-24,,18
9H8329,西安,乌鲁木齐,06:20,1234567,666/2666,长安航空,陕西,新疆,西安咸阳国际机场,乌鲁木齐天山国际机场,XIY,URC,09:55,,2026-09-01,2026-10-24,,19
9H8387,西安,青岛,06:20,1357,666/2666,长安航空,陕西,山东,西安咸阳国际机场,青岛胶东国际机场,XIY,TAO,08:30,,2026-09-01,2026-10-24,,20
GS7551,乌鲁木齐,和田,06:20,246,666/2666,天津航空,新疆,新疆,乌鲁木齐天山国际机场,和田昆冈机场,URC,HTN,08:20,9.29止,2026-09-01,2026-09-29,,21
GS7619,西安,呼和浩特,06:20,1234567,666/2666,天津航空,陕西,内蒙古,西安咸阳国际机场,呼和浩特白塔国际机场,XIY,HET,08:00,,2026-09-01,2026-10-24,,22
GS7619,西安,哈尔滨,06:20,1234567,666/2666,天津航空,陕西,黑龙江,西安咸阳国际机场,哈尔滨太平国际机场,XIY,HRB,11:20,,2026-09-01,2026-10-24,,23
HU7739,深圳,太原,06:20,246,666/2666,海南航空,广东,山西,深圳宝安国际机场,太原武宿国际机场,SZX,TYN,08:55,,2026-09-01,2026-10-24,,24
HU7763,深圳,兰州,06:20,1234567,666/2666,海南航空,广东,甘肃,深圳宝安国际机场,兰州中川国际机场,SZX,LHW,09:40,,2026-09-01,2026-10-24,,25
PN6215,重庆,昌都,06:20,1234567,666/2666,西部航空,重庆,西藏,重庆江北国际机场,昌都邦达机场,CKG,BPX,08:20,,2026-09-01,2026-10-24,,26
HU7735,深圳,郑州,06:25,1234567,666/2666,海南航空,广东,河南,深圳宝安国际机场,郑州新郑国际机场,SZX,CGO,09:00,,2026-09-01,2026-10-24,,27
HU7761,深圳,宁波,06:25,1357,666/2666,海南航空,广东,浙江,深圳宝安国际机场,宁波栎社国际机场,SZX,NGB,09:00,,2026-09-01,2026-10-24,,28
JD5037,海口,广元,06:25,246,666/2666,首都航空,海南,四川,海口美兰国际机场,广元盘龙机场,HAK,GYS,09:00,9.29~10.8,2026-09-29,2026-10-08,,29
JD5037,海口,石家庄,06:25,246,666/2666,首都航空,海南,河北,海口美兰国际机场,石家庄正定国际机场,HAK,SJW,11:50,9.29~10.8,2026-09-29,2026-10-08,,30
JD5321,海口,宜昌,06:25,1357,666/2666,首都航空,海南,湖北,海口美兰国际机场,宜昌三峡机场,HAK,YIH,08:30,9.30~10.7,2026-09-30,2026-10-07,,31
JD5321,海口,西宁,06:25,1357,666/2666,首都航空,海南,青海,海口美兰国际机场,西宁曹家堡国际机场,HAK,XNN,11:35,9.30~10.7,2026-09-30,2026-10-07,,32
JD5762,海口,南京,06:25,1357,666/2666,首都航空,海南,江苏,海口美兰国际机场,南京禄口国际机场,HAK,NKG,11:05,,2026-09-01,2026-10-24,,33
JD5762,海口,恩施,06:25,1357,666/2666,首都航空,海南,湖北,海口美兰国际机场,恩施许家坪机场,HAK,ENH,08:25,,2026-09-01,2026-10-24,,34
PN6261,重庆,丽江,06:25,246,666/2666,西部航空,重庆,云南,重庆江北国际机场,丽江三义国际机场,CKG,LJG,08:10,,2026-09-01,2026-10-24,,35
PN6301,重庆,泉州,06:25,1234567,666/2666,西部航空,重庆,福建,重庆江北国际机场,泉州晋江国际机场,CKG,JJN,08:50,,2026-09-01,2026-10-24,,36
PN6305,重庆,揭阳,06:25,1234567,666/2666,西部航空,重庆,广东,重庆江北国际机场,揭阳潮汕国际机场,CKG,SWA,08:40,,2026-09-01,2026-10-24,,37
GS7581,乌鲁木齐,西安,06:30,1234567,666/2666,天津航空,新疆,陕西,乌鲁木齐天山国际机场,西安咸阳国际机场,URC,XIY,09:45,10.8止,2026-09-01,2026-10-08,,38
GS7641,西安,济南,06:30,1234567,666/2666,天津航空,陕西,山东,西安咸阳国际机场,济南遥墙国际机场,XIY,TNA,08:15,9.28始,2026-09-28,2026-10-24,,39
HU7021,海口,深圳,06:30,1234567,666/2666,海南航空,海南,广东,海口美兰国际机场,深圳宝安国际机场,HAK,SZX,07:45,,2026-09-01,2026-10-24,,40
HU7465,海口,西宁,06:30,1357,666/2666,海南航空,海南,青海,海口美兰国际机场,西宁曹家堡国际机场,HAK,XNN,12:10,9.28~10.9,2026-09-28,2026-10-09,,41
HU7465,海口,西安,06:30,1357,666/2666,海南航空,海南,陕西,海口美兰国际机场,西安咸阳国际机场,HAK,XIY,09:30,9.28~10.9,2026-09-28,2026-10-09,,42
JD5661,青岛,南宁,06:30,246,666/2666,首都航空,山东,广西,青岛胶东国际机场,南宁吴圩国际机场,TAO,NNG,12:30,,2026-09-01,2026-10-24,,43
JD5661,青岛,恩施,06:30,246,666/2666,首都航空,山东,湖北,青岛胶东国际机场,恩施许家坪机场,TAO,ENH,09:30,,2026-09-01,2026-10-24,,44
JD5723,三亚,东营,06:30,246,666/2666,首都航空,海南,山东,三亚凤凰国际机场,东营胜利机场,SYX,DOY,12:05,,2026-09-01,2026-10-24,,45
JD5723,三亚,南昌,06:30,246,666/2666,首都航空,海南,江西,三亚凤凰国际机场,南昌昌北国际机场,SYX,KHN,09:00,,2026-09-01,2026-10-24,,46
PN6283,重庆,温州,06:30,1357,666/2666,西部航空,重庆,浙江,重庆江北国际机场,温州龙湾国际机场,CKG,WNZ,08:55,,2026-09-01,2026-10-24,,47
PN6361,郑州,厦门,06:30,1234567,666/2666,西部航空,河南,福建,郑州新郑国际机场,厦门高崎国际机场,CGO,XMN,08:45,,2026-09-01,2026-10-24,,48
PN6379,太原,重庆,06:30,1234567,666/2666,西部航空,山西,重庆,太原武宿国际机场,重庆江北国际机场,TYN,CKG,08:35,,2026-09-01,2026-10-24,,49
PN6461,郑州,惠州,06:30,1357,666/2666,西部航空,河南,广东,郑州新郑国际机场,惠州平潭机场,CGO,HUZ,08:45,,2026-09-01,2026-10-24,,50
Y87588,上海,深圳,06:30,1,666/2666,金鹏航空,上海,广东,上海浦东国际机场,深圳宝安国际机场,PVG,SZX,08:45,,2026-09-01,2026-10-24,,51
9H6025,西安,敦煌,06:35,1,666/2666,长安航空,陕西,甘肃,西安咸阳国际机场,敦煌莫高国际机场,XIY,DNH,09:05,仅10.5,,,2026-10-05,52
9H8325,西安,凯里,06:35,246,666/2666,长安航空,陕西,贵州,西安咸阳国际机场,凯里黄平机场,XIY,KJH,08:25,,2026-09-01,2026-10-24,,53
9H8325,西安,海口,06:35,246,666/2666,长安航空,陕西,海南,西安咸阳国际机场,海口美兰国际机场,XIY,HAK,11:00,,2026-09-01,2026-10-24,,54
GS7829,天津,揭阳,06:35,1357,666/2666,天津航空,天津,广东,天津滨海国际机场,揭阳潮汕国际机场,TSN,SWA,09:20,9.16始,2026-09-16,2026-10-24,,55
GS7829,天津,海口,06:35,1357,666/2666,天津航空,天津,海南,天津滨海国际机场,海口美兰国际机场,TSN,HAK,11:35,9.16始,2026-09-16,2026-10-24,,56
GX8871,海口,徐州,06:35,1234567,666/2666,北部湾航空,海南,江苏,海口美兰国际机场,徐州观音国际机场,HAK,XUZ,09:20,,2026-09-01,2026-10-24,,57
HU7398,杭州,深圳,06:35,1234567,666/2666,海南航空,浙江,广东,杭州萧山国际机场,深圳宝安国际机场,HGH,SZX,08:50,,2026-09-01,2026-10-24,,58
HU7431,广州,上海,06:35,1234567,666/2666,海南航空,广东,上海,广州白云国际机场,上海浦东国际机场,CAN,PVG,08:55,,2026-09-01,2026-10-24,,59
JD5036,西安,海口,06:35,1357,666/2666,首都航空,陕西,海南,西安咸阳国际机场,海口美兰国际机场,XIY,HAK,11:30,,2026-09-01,2026-10-24,,60
JD5036,西安,郴州,06:35,1357,666/2666,首都航空,陕西,湖南,西安咸阳国际机场,郴州北湖机场,XIY,HCZ,09:00,,2026-09-01,2026-10-24,,61
PN6211,重庆,林芝,06:35,1246,666/2666,西部航空,重庆,西藏,重庆江北国际机场,林芝米林机场,CKG,LZY,09:00,,2026-09-01,2026-10-24,,62
PN6229,重庆,深圳,06:35,1234567,666/2666,西部航空,重庆,广东,重庆江北国际机场,深圳宝安国际机场,CKG,SZX,08:35,,2026-09-01,2026-10-24,,63
PN6255,重庆,南昌,06:35,1234567,666/2666,西部航空,重庆,江西,重庆江北国际机场,南昌昌北国际机场,CKG,KHN,08:20,,2026-09-01,2026-10-24,,64
PN6265,重庆,济南,06:35,1234567,666/2666,西部航空,重庆,山东,重庆江北国际机场,济南遥墙国际机场,CKG,TNA,08:45,,2026-09-01,2026-10-24,,65
PN6349,重庆,石家庄,06:35,1234567,666/2666,西部航空,重庆,河北,重庆江北国际机场,石家庄正定国际机场,CKG,SJW,08:40,,2026-09-01,2026-10-24,,66
PN6415,重庆,合肥,06:35,1234567,666/2666,西部航空,重庆,安徽,重庆江北国际机场,合肥新桥国际机场,CKG,HFE,08:25,,2026-09-01,2026-10-24,,67
PN6469,郑州,大连,06:35,246,666/2666,西部航空,河南,辽宁,郑州新郑国际机场,大连周水子国际机场,CGO,DLC,08:35,,2026-09-01,2026-10-24,,68
PN6583,重庆,大理,06:35,1234567,666/2666,西部航空,重庆,云南,重庆江北国际机场,大理凤仪机场,CKG,DLU,08:15,10.11止,2026-09-01,2026-10-11,,69
Y87578,深圳,上海,06:35,1234567,666/2666,金鹏航空,广东,上海,深圳宝安国际机场,上海浦东国际机场,SZX,PVG,08:55,,2026-09-01,2026-10-24,,70
8L9561,昆明,济南,06:40,1357,666/2666,祥鹏航空,云南,山东,昆明长水国际机场,济南遥墙国际机场,KMG,TNA,11:55,,2026-09-01,2026-10-24,,71
8L9561,昆明,赣州,06:40,1357,666/2666,祥鹏航空,云南,江西,昆明长水国际机场,赣州黄金机场,KMG,KOW,09:00,,2026-09-01,2026-10-24,,72
8L9831,昆明,迪庆,06:40,1234567,666/2666,祥鹏航空,云南,云南,昆明长水国际机场,迪庆香格里拉机场,KMG,DIG,07:55,,2026-09-01,2026-10-24,,73
8L9873,昆明,武汉,06:40,1234567,666/2666,祥鹏航空,云南,湖北,昆明长水国际机场,武汉天河国际机场,KMG,WUH,08:55,,2026-09-01,2026-10-24,,74
8L9959,昆明,安庆,06:40,1234567,666/2666,祥鹏航空,云南,安徽,昆明长水国际机场,安庆天柱山机场,KMG,AQG,09:20,,2026-09-01,2026-10-24,,75
9H8391,西安,贵阳,06:40,1234567,666/2666,长安航空,陕西,贵州,西安咸阳国际机场,贵阳龙洞堡国际机场,XIY,KWE,08:25,,2026-09-01,2026-10-24,,76
CN7127,北京,安庆,06:40,1234567,666/2666,大新华航空,北京,安徽,北京首都国际机场,安庆天柱山机场,PEK,AQG,08:50,,2026-09-01,2026-10-24,,77
HU7023,海口,深圳,06:40,1234567,666/2666,海南航空,海南,广东,海口美兰国际机场,深圳宝安国际机场,HAK,SZX,07:55,,2026-09-01,2026-10-24,,78
HU7737,深圳,南阳,06:40,246,666/2666,海南航空,广东,河南,深圳宝安国际机场,南阳姜营机场,SZX,NNY,08:45,,2026-09-01,2026-10-24,,79
JD5185,广州,天津,06:40,1234567,666/2666,首都航空,广东,天津,广州白云国际机场,天津滨海国际机场,CAN,TSN,09:40,,2026-09-01,2026-10-24,,80
JD5235,青岛,南宁,06:40,1357,666/2666,首都航空,山东,广西,青岛胶东国际机场,南宁吴圩国际机场,TAO,NNG,12:30,,2026-09-01,2026-10-24,,81
JD5235,青岛,荆州,06:40,1357,666/2666,首都航空,山东,湖北,青岛胶东国际机场,荆州沙市机场,TAO,SHS,09:00,,2026-09-01,2026-10-24,,82
JD5395,杭州,长春,06:40,1234567,666/2666,首都航空,浙江,吉林,杭州萧山国际机场,长春龙嘉国际机场,HGH,CGQ,09:35,,2026-09-01,2026-10-24,,83
PN6263,重庆,珠海,06:40,1234567,666/2666,西部航空,重庆,广东,重庆江北国际机场,珠海金湾机场,CKG,ZUH,08:50,,2026-09-01,2026-10-24,,84
PN6355,重庆,杭州,06:40,1357,666/2666,西部航空,重庆,浙江,重庆江北国际机场,杭州萧山国际机场,CKG,HGH,08:55,9.29止,2026-09-01,2026-09-29,,85
Y87509,上海,贵阳,06:40,1234567,666/2666,金鹏航空,上海,贵州,上海浦东国际机场,贵阳龙洞堡国际机场,PVG,KWE,09:15,,2026-09-01,2026-10-24,,86
8L9517,郑州,拉萨,06:45,1234567,666/2666,祥鹏航空,河南,西藏,郑州新郑国际机场,拉萨贡嘎国际机场,CGO,LXA,12:00,,2026-09-01,2026-10-24,,87
8L9517,郑州,西宁,06:45,1234567,666/2666,祥鹏航空,河南,青海,郑州新郑国际机场,西宁曹家堡国际机场,CGO,XNN,08:55,,2026-09-01,2026-10-24,,88
9H8305,西安,昆明,06:45,1234567,666/2666,长安航空,陕西,云南,西安咸阳国际机场,昆明长水国际机场,XIY,KMG,08:50,,2026-09-01,2026-10-24,,89
9H8347,西安,库尔勒,06:45,1234567,666/2666,长安航空,陕西,新疆,西安咸阳国际机场,库尔勒梨城机场,XIY,KRL,10:35,9.8止,2026-09-01,2026-09-08,,90
9H8399,西安,呼伦贝尔,06:45,1234567,666/2666,长安航空,陕西,内蒙古,西安咸阳国际机场,呼伦贝尔海拉尔东山国际机场,XIY,HLD,11:25,,2026-09-01,2026-10-24,,91
9H8399,西安,通辽,06:45,1234567,666/2666,长安航空,陕西,内蒙古,西安咸阳国际机场,通辽机场,XIY,TGO,09:20,,2026-09-01,2026-10-24,,92
FU6767,哈尔滨,三亚,06:45,13,666/2666,福州航空,黑龙江,海南,哈尔滨太平国际机场,三亚凤凰国际机场,HRB,SYX,15:05,10.12始,2026-10-12,2026-10-24,,93
FU6767,哈尔滨,黄山,06:45,13,666/2666,福州航空,黑龙江,安徽,哈尔滨太平国际机场,黄山屯溪国际机场,HRB,TXN,10:30,10.12始,2026-10-12,2026-10-24,,94
HU7002,广州,海口,06:45,1234567,666/2666,海南航空,广东,海南,广州白云国际机场,海口美兰国际机场,CAN,HAK,08:15,9.24始,2026-09-24,2026-10-24,,95
HU7587,西安,桂林,06:45,246,666/2666,海南航空,陕西,广西,西安咸阳国际机场,桂林两江国际机场,XIY,KWL,09:00,9.29~10.8,2026-09-29,2026-10-08,,96
JD5155,海口,南京,06:45,246,666/2666,首都航空,海南,江苏,海口美兰国际机场,南京禄口国际机场,HAK,NKG,11:05,,2026-09-01,2026-10-24,,97
JD5155,海口,郴州,06:45,246,666/2666,首都航空,海南,湖南,海口美兰国际机场,郴州北湖机场,HAK,HCZ,08:20,,2026-09-01,2026-10-24,,98
JD5775,三亚,西安,06:45,1234567,666/2666,首都航空,海南,陕西,三亚凤凰国际机场,西安咸阳国际机场,SYX,XIY,09:55,,2026-09-01,2026-10-24,,99
PN6519,郑州,中卫,06:45,1357,666/2666,西部航空,河南,宁夏,郑州新郑国际机场,中卫沙坡头机场,CGO,ZHY,08:45,,2026-09-01,2026-10-24,,100
PN6519,郑州,喀什,06:45,1357,666/2666,西部航空,河南,新疆,郑州新郑国际机场,喀什徕宁国际机场,CGO,KHG,13:20,,2026-09-01,2026-10-24,,101
Y87589,上海,威海,06:45,1234567,666/2666,金鹏航空,上海,山东,上海浦东国际机场,威海大水泊国际机场,PVG,WEH,08:30,10.9止,2026-09-01,2026-10-09,,102
GS6589,重庆,杭州,06:50,1234567,666/2666,天津航空,重庆,浙江,重庆江北国际机场,杭州萧山国际机场,CKG,HGH,09:10,9.28始,2026-09-28,2026-10-24,,103
GS7695,西安,福州,06:50,1357,666/2666,天津航空,陕西,福建,西安咸阳国际机场,福州长乐国际机场,XIY,FOC,11:25,,2026-09-01,2026-10-24,,104
GS7695,西安,衡阳,06:50,1357,666/2666,天津航空,陕西,湖南,西安咸阳国际机场,衡阳南岳机场,XIY,HNY,09:00,,2026-09-01,2026-10-24,,105
HU7137,北京,西安,06:50,123467,666/2666,海南航空,北京,陕西,北京首都国际机场,西安咸阳国际机场,PEK,XIY,09:10,,2026-09-01,2026-10-24,,106
HU7157,深圳,重庆,06:50,1234567,666/2666,海南航空,广东,重庆,深圳宝安国际机场,重庆江北国际机场,SZX,CKG,09:35,,2026-09-01,2026-10-24,,107
HU7307,三亚,广州,06:50,1234567,666/2666,海南航空,海南,广东,三亚凤凰国际机场,广州白云国际机场,SYX,CAN,08:35,,2026-09-01,2026-10-24,,108
HU7558,重庆,深圳,06:50,1234567,666/2666,海南航空,重庆,广东,重庆江北国际机场,深圳宝安国际机场,CKG,SZX,08:55,,2026-09-01,2026-10-24,,109
HU7641,大连,昆明,06:50,1234567,666/2666,海南航空,辽宁,云南,大连周水子国际机场,昆明长水国际机场,DLC,KMG,13:00,,2026-09-01,2026-10-24,,110
HU7641,大连,长沙,06:50,1234567,666/2666,海南航空,辽宁,湖南,大连周水子国际机场,长沙黄花国际机场,DLC,CSX,09:50,,2026-09-01,2026-10-24,,111
HU7743,深圳,南京,06:50,1234567,666/2666,海南航空,广东,江苏,深圳宝安国际机场,南京禄口国际机场,SZX,NKG,09:25,,2026-09-01,2026-10-24,,112
HU7743,深圳,哈尔滨,06:50,1234567,666/2666,海南航空,广东,黑龙江,深圳宝安国际机场,哈尔滨太平国际机场,SZX,HRB,13:15,,2026-09-01,2026-10-24,,113
HU7765,深圳,榆林,06:50,1357,666/2666,海南航空,广东,陕西,深圳宝安国际机场,榆林榆阳机场,SZX,UYN,10:10,,2026-09-01,2026-10-24,,114
HU7851,深圳,乌鲁木齐,06:50,1234567,666/2666,海南航空,广东,新疆,深圳宝安国际机场,乌鲁木齐天山国际机场,SZX,URC,12:30,,2026-09-01,2026-10-24,,115
PN6287,郑州,乌鲁木齐,06:50,1234567,666/2666,西部航空,河南,新疆,郑州新郑国际机场,乌鲁木齐天山国际机场,CGO,URC,11:00,,2026-09-01,2026-10-24,,116
CN7139,北京,哈尔滨,06:55,1234567,666/2666,大新华航空,北京,黑龙江,北京首都国际机场,哈尔滨太平国际机场,PEK,HRB,08:55,,2026-09-01,2026-10-24,,117
GS7533,乌鲁木齐,伊宁,06:55,1234567,666/2666,天津航空,新疆,新疆,乌鲁木齐天山国际机场,伊宁机场,URC,YIN,08:20,,2026-09-01,2026-10-24,,118
HU7105,北京,大连,06:55,1234567,666/2666,海南航空,北京,辽宁,北京首都国际机场,大连周水子国际机场,PEK,DLC,08:25,,2026-09-01,2026-10-24,,119
HU7185,北京,宜昌,06:55,1234567,666/2666,海南航空,北京,湖北,北京首都国际机场,宜昌三峡机场,PEK,YIH,09:10,,2026-09-01,2026-10-24,,120
HU7197,北京,兰州,06:55,1234567,666/2666,海南航空,北京,甘肃,北京首都国际机场,兰州中川国际机场,PEK,LHW,09:20,,2026-09-01,2026-10-24,,121
HU7259,广州,东营,06:55,1234567,666/2666,海南航空,广东,山东,广州白云国际机场,东营胜利机场,CAN,DOY,09:55,,2026-09-01,2026-10-24,,122
HU7259,广州,大连,06:55,1234567,666/2666,海南航空,广东,辽宁,广州白云国际机场,大连周水子国际机场,CAN,DLC,11:35,,2026-09-01,2026-10-24,,123
HU7322,上海,三亚,06:55,1234567,666/2666,海南航空,上海,海南,上海浦东国际机场,三亚凤凰国际机场,PVG,SYX,10:10,,2026-09-01,2026-10-24,,124
HU7359,三亚,兰州,06:55,1234567,666/2666,海南航空,海南,甘肃,三亚凤凰国际机场,兰州中川国际机场,SYX,LHW,12:10,,2026-09-01,2026-10-24,,125
HU7359,三亚,贵阳,06:55,1234567,666/2666,海南航空,海南,贵州,三亚凤凰国际机场,贵阳龙洞堡国际机场,SYX,KWE,09:00,,2026-09-01,2026-10-24,,126
HU7405,杭州,郑州,06:55,1234567,666/2666,海南航空,浙江,河南,杭州萧山国际机场,郑州新郑国际机场,HGH,CGO,08:55,,2026-09-01,2026-10-24,,127
HU7419,海口,兰州,06:55,246,666/2666,海南航空,海南,甘肃,海口美兰国际机场,兰州中川国际机场,HAK,LHW,11:40,,2026-09-01,2026-10-24,,128
HU7419,海口,陇南,06:55,246,666/2666,海南航空,海南,甘肃,海口美兰国际机场,陇南成县机场,HAK,LNL,09:40,,2026-09-01,2026-10-24,,129
HU7577,北京,杭州,06:55,1234567,666/2666,海南航空,北京,浙江,北京首都国际机场,杭州萧山国际机场,PEK,HGH,09:15,,2026-09-01,2026-10-24,,130
JD5111,北京,西双版纳,06:55,1234567,666/2666,首都航空,北京,云南,北京大兴国际机场,西双版纳嘎洒国际机场,PKX,JHG,10:45,,2026-09-01,2026-10-24,,131
JD5121,北京,三亚,06:55,1357,666/2666,首都航空,北京,海南,北京大兴国际机场,三亚凤凰国际机场,PKX,SYX,10:55,10.11止,2026-09-01,2026-10-11,,132
JD5227,广州,重庆,06:55,1234567,666/2666,首都航空,广东,重庆,广州白云国际机场,重庆江北国际机场,CAN,CKG,08:55,,2026-09-01,2026-10-24,,133
JD5389,青岛,合肥,06:55,1234567,666/2666,首都航空,山东,安徽,青岛胶东国际机场,合肥新桥国际机场,TAO,HFE,08:35,,2026-09-01,2026-10-24,,134
JD5389,青岛,贵阳,06:55,1234567,666/2666,首都航空,山东,贵州,青岛胶东国际机场,贵阳龙洞堡国际机场,TAO,KWE,11:50,,2026-09-01,2026-10-24,,135
JD5603,杭州,南阳,06:55,1357,666/2666,首都航空,浙江,河南,杭州萧山国际机场,南阳姜营机场,HGH,NNY,09:10,,2026-09-01,2026-10-24,,136
JD5919,北京,大理,06:55,1234567,666/2666,首都航空,北京,云南,北京大兴国际机场,大理凤仪机场,PKX,DLU,10:50,,2026-09-01,2026-10-24,,137
PN6207,重庆,海口,06:55,1234567,666/2666,西部航空,重庆,海南,重庆江北国际机场,海口美兰国际机场,CKG,HAK,09:10,,2026-09-01,2026-10-24,,138
PN6237,重庆,天津,06:55,1234567,666/2666,西部航空,重庆,天津,重庆江北国际机场,天津滨海国际机场,CKG,TSN,09:25,,2026-09-01,2026-10-24,,139
PN6247,重庆,日照,06:55,246,666/2666,西部航空,重庆,山东,重庆江北国际机场,日照山字河机场,CKG,RIZ,09:15,,2026-09-01,2026-10-24,,140
PN6247,重庆,沈阳,06:55,246,666/2666,西部航空,重庆,辽宁,重庆江北国际机场,沈阳桃仙国际机场,CKG,SHE,11:40,,2026-09-01,2026-10-24,,141
Y87553,上海,大连,06:55,1,666/2666,金鹏航空,上海,辽宁,上海浦东国际机场,大连周水子国际机场,PVG,DLC,08:45,,2026-09-01,2026-10-24,,142
8L9617,西双版纳,南昌,07:00,1234567,666/2666,祥鹏航空,云南,江西,西双版纳嘎洒国际机场,南昌昌北国际机场,JHG,KHN,11:25,,2026-09-01,2026-10-24,,143
8L9617,西双版纳,大理,07:00,1234567,666/2666,祥鹏航空,云南,云南,西双版纳嘎洒国际机场,大理凤仪机场,JHG,DLU,08:10,,2026-09-01,2026-10-24,,144
8L9649,西双版纳,泸州,07:00,1357,666/2666,祥鹏航空,云南,四川,西双版纳嘎洒国际机场,泸州云龙机场,JHG,LZO,08:45,,2026-09-01,2026-10-24,,145
8L9649,西双版纳,济南,07:00,1357,666/2666,祥鹏航空,云南,山东,西双版纳嘎洒国际机场,济南遥墙国际机场,JHG,TNA,12:05,,2026-09-01,2026-10-24,,146
8L9665,成都,南京,07:00,135,666/2666,祥鹏航空,四川,江苏,成都天府国际机场,南京禄口国际机场,TFU,NKG,11:55,,2026-09-01,2026-10-24,,147
8L9665,成都,赣州,07:00,135,666/2666,祥鹏航空,四川,江西,成都天府国际机场,赣州瑞金机场,TFU,JRJ,09:30,,2026-09-01,2026-10-24,,148
8L9691,成都,三亚,07:00,1234567,666/2666,祥鹏航空,四川,海南,成都天府国际机场,三亚凤凰国际机场,TFU,SYX,09:30,9.28止,2026-09-01,2026-09-28,,149
8L9707,昆明,揭阳,07:00,1234567,666/2666,祥鹏航空,云南,广东,昆明长水国际机场,揭阳潮汕国际机场,KMG,SWA,09:20,,2026-09-01,2026-10-24,,150
8L9777,大理,徐州,07:00,246,666/2666,祥鹏航空,云南,江苏,大理凤仪机场,徐州观音国际机场,DLU,XUZ,11:55,,2026-09-01,2026-10-24,,151
8L9777,大理,贵阳,07:00,246,666/2666,祥鹏航空,云南,贵州,大理凤仪机场,贵阳龙洞堡国际机场,DLU,KWE,08:30,,2026-09-01,2026-10-24,,152
8L9781,大理,盐城,07:00,1357,666/2666,祥鹏航空,云南,江苏,大理凤仪机场,盐城南洋国际机场,DLU,YNZ,12:00,,2026-09-01,2026-10-24,,153
8L9781,大理,贵阳,07:00,1357,666/2666,祥鹏航空,云南,贵州,大理凤仪机场,贵阳龙洞堡国际机场,DLU,KWE,08:30,,2026-09-01,2026-10-24,,154
8L9789,大理,珠海,07:00,1357,666/2666,祥鹏航空,云南,广东,大理凤仪机场,珠海金湾机场,DLU,ZUH,09:30,,2026-09-01,2026-10-24,,155
8L9817,丽江,淮安,07:00,1234567,666/2666,祥鹏航空,云南,江苏,丽江三义国际机场,淮安涟水国际机场,LJG,HIA,12:20,,2026-09-01,2026-10-24,,156
8L9817,丽江,重庆,07:00,1234567,666/2666,祥鹏航空,云南,重庆,丽江三义国际机场,重庆江北国际机场,LJG,CKG,08:40,,2026-09-01,2026-10-24,,157
8L9823,丽江,郑州,07:00,1234567,666/2666,祥鹏航空,云南,河南,丽江三义国际机场,郑州新郑国际机场,LJG,CGO,09:45,,2026-09-01,2026-10-24,,158
8L9825,丽江,武汉,07:00,1234567,666/2666,祥鹏航空,云南,湖北,丽江三义国际机场,武汉天河国际机场,LJG,WUH,09:30,,2026-09-01,2026-10-24,,159
8L9829,大理,青岛,07:00,246,666/2666,祥鹏航空,云南,山东,大理凤仪机场,青岛胶东国际机场,DLU,TAO,10:40,,2026-09-01,2026-10-24,,160
8L9971,昆明,海口,07:00,1234567,666/2666,祥鹏航空,云南,海南,昆明长水国际机场,海口美兰国际机场,KMG,HAK,09:00,,2026-09-01,2026-10-24,,161
9H6003,西安,三亚,07:00,1357,666/2666,长安航空,陕西,海南,西安咸阳国际机场,三亚凤凰国际机场,XIY,SYX,12:00,,2026-09-01,2026-10-24,,162
9H6003,西安,怀化,07:00,1357,666/2666,长安航空,陕西,湖南,西安咸阳国际机场,怀化芷江机场,XIY,HJJ,08:55,,2026-09-01,2026-10-24,,163
9H8333,西安,重庆,07:00,246,666/2666,长安航空,陕西,重庆,西安咸阳国际机场,重庆江北国际机场,XIY,CKG,08:25,,2026-09-01,2026-10-24,,164
9H8413,西安,三亚,07:00,246,666/2666,长安航空,陕西,海南,西安咸阳国际机场,三亚凤凰国际机场,XIY,SYX,12:00,,2026-09-01,2026-10-24,,165
9H8413,西安,南阳,07:00,246,666/2666,长安航空,陕西,河南,西安咸阳国际机场,南阳姜营机场,XIY,NNY,08:05,,2026-09-01,2026-10-24,,166
GS6465,贵阳,泉州,07:00,1357,666/2666,天津航空,贵州,福建,贵阳龙洞堡国际机场,泉州晋江国际机场,KWE,JJN,09:05,,2026-09-01,2026-10-24,,167
GS6511,榆林,青岛,07:00,1234567,666/2666,天津航空,陕西,山东,榆林榆阳机场,青岛胶东国际机场,UYN,TAO,08:55,,2026-09-01,2026-10-24,,168
GS6583,重庆,三亚,07:00,1234567,666/2666,天津航空,重庆,海南,重庆江北国际机场,三亚凤凰国际机场,CKG,SYX,09:20,,2026-09-01,2026-10-24,,169
GS7409,呼伦贝尔,呼和浩特,07:00,2,666/2666,天津航空,内蒙古,内蒙古,呼伦贝尔海拉尔东山国际机场,呼和浩特白塔国际机场,HLD,HET,09:00,,2026-09-01,2026-10-24,,170
GS7475,乌鲁木齐,阿克苏,07:00,1234567,666/2666,天津航空,新疆,新疆,乌鲁木齐天山国际机场,阿克苏红旗坡机场,URC,AKU,08:30,,2026-09-01,2026-10-24,,171
GS7577,乌鲁木齐,天津,07:00,1234567,666/2666,天津航空,新疆,天津,乌鲁木齐天山国际机场,天津滨海国际机场,URC,TSN,10:30,9.28~10.10,2026-09-28,2026-10-10,,172
GS7587,乌鲁木齐,上海,07:00,1234567,666/2666,天津航空,新疆,上海,乌鲁木齐天山国际机场,上海浦东国际机场,URC,PVG,13:45,,2026-09-01,2026-10-24,,173
GS7587,乌鲁木齐,宜昌,07:00,1234567,666/2666,天津航空,新疆,湖北,乌鲁木齐天山国际机场,宜昌三峡机场,URC,YIH,11:10,,2026-09-01,2026-10-24,,174
GX7861,济南,张家界,07:00,1357,666/2666,北部湾航空,山东,湖南,济南遥墙国际机场,张家界荷花国际机场,TNA,DYG,09:15,,2026-09-01,2026-10-24,,175
GX7861,济南,惠州,07:00,1357,666/2666,北部湾航空,山东,广东,济南遥墙国际机场,惠州平潭机场,TNA,HUZ,11:45,,2026-09-01,2026-10-24,,176
GX8863,南宁,呼和浩特,07:00,1234567,666/2666,北部湾航空,广西,内蒙古,南宁吴圩国际机场,呼和浩特白塔国际机场,NNG,HET,10:10,,2026-09-01,2026-10-24,,177
GX8863,南宁,哈尔滨,07:00,1234567,666/2666,北部湾航空,广西,黑龙江,南宁吴圩国际机场,哈尔滨太平国际机场,NNG,HRB,13:10,,2026-09-01,2026-10-24,,178
GX8875,海口,张家界,07:00,246,666/2666,北部湾航空,海南,湖南,海口美兰国际机场,张家界荷花国际机场,HAK,DYG,09:00,,2026-09-01,2026-10-24,,179
GX8875,海口,济南,07:00,246,666/2666,北部湾航空,海南,山东,海口美兰国际机场,济南遥墙国际机场,HAK,TNA,11:50,,2026-09-01,2026-10-24,,180
GX8893,海口,阜阳,07:00,1357,666/2666,北部湾航空,海南,安徽,海口美兰国际机场,阜阳西关机场,HAK,FUG,09:35,,2026-09-01,2026-10-24,,181
HU7227,广州,温州,07:00,1357,666/2666,海南航空,广东,浙江,广州白云国际机场,温州龙湾国际机场,CAN,WNZ,09:00,,2026-09-01,2026-10-24,,182
HU7434,太原,杭州,07:00,1234567,666/2666,海南航空,山西,浙江,太原武宿国际机场,杭州萧山国际机场,TYN,HGH,09:05,,2026-09-01,2026-10-24,,183
JD5387,丽江,南宁,07:00,1234567,666/2666,首都航空,云南,广西,丽江三义国际机场,南宁吴圩国际机场,LJG,NNG,08:45,,2026-09-01,2026-10-24,,184
JD5387,丽江,揭阳,07:00,1234567,666/2666,首都航空,云南,广东,丽江三义国际机场,揭阳潮汕国际机场,LJG,SWA,11:15,,2026-09-01,2026-10-24,,185
JD5549,丽江,南京,07:00,1234567,666/2666,首都航空,云南,江苏,丽江三义国际机场,南京禄口国际机场,LJG,NKG,10:00,,2026-09-01,2026-10-24,,186
JD5553,三亚,泉州,07:00,1357,666/2666,首都航空,海南,福建,三亚凤凰国际机场,泉州晋江国际机场,SYX,JJN,09:15,,2026-09-01,2026-10-24,,187
JD5553,三亚,盐城,07:00,1357,666/2666,首都航空,海南,江苏,三亚凤凰国际机场,盐城南洋国际机场,SYX,YNZ,12:05,,2026-09-01,2026-10-24,,188
PN6309,郑州,库尔勒,07:00,1234567,666/2666,西部航空,河南,新疆,郑州新郑国际机场,库尔勒梨城机场,CGO,KRL,11:25,,2026-09-01,2026-10-24,,189
PN6331,郑州,温州,07:00,1234567,666/2666,西部航空,河南,浙江,郑州新郑国际机场,温州龙湾国际机场,CGO,WNZ,09:05,,2026-09-01,2026-10-24,,190
PN6343,郑州,西宁,07:00,357,666/2666,西部航空,河南,青海,郑州新郑国际机场,西宁曹家堡国际机场,CGO,XNN,09:05,,2026-09-01,2026-10-24,,191
PN6375,郑州,海口,07:00,135,666/2666,西部航空,河南,海南,郑州新郑国际机场,海口美兰国际机场,CGO,HAK,11:50,,2026-09-01,2026-10-24,,192
PN6375,郑州,湘西,07:00,135,666/2666,西部航空,河南,湖南,郑州新郑国际机场,湘西边城机场,CGO,DXJ,08:40,,2026-09-01,2026-10-24,,193
UQ2599,于田,上海,07:00,1234567,666/2666,乌鲁木齐航空,新疆,上海,于田万方机场,上海浦东国际机场,YTW,PVG,14:45,,2026-09-01,2026-10-24,,194
UQ2599,于田,乌鲁木齐,07:00,1234567,666/2666,乌鲁木齐航空,新疆,新疆,于田万方机场,乌鲁木齐天山国际机场,YTW,URC,09:00,,2026-09-01,2026-10-24,,195
UQ3519,郑州,兰州,07:00,246,666/2666,乌鲁木齐航空,河南,甘肃,郑州新郑国际机场,兰州中川国际机场,CGO,LHW,08:50,,2026-09-01,2026-10-24,,196
UQ3519,郑州,博乐,07:00,246,666/2666,乌鲁木齐航空,河南,新疆,郑州新郑国际机场,博乐阿拉山口机场,CGO,BPL,13:30,,2026-09-01,2026-10-24,,197
Y87565,深圳,上海,07:00,1234567,666/2666,金鹏航空,广东,上海,深圳宝安国际机场,上海浦东国际机场,SZX,PVG,09:20,,2026-09-01,2026-10-24,,198
9H8353,西安,宜昌,07:05,1234567,666/2666,长安航空,陕西,湖北,西安咸阳国际机场,宜昌三峡机场,XIY,YIH,08:35,,2026-09-01,2026-10-24,,199
9H8353,西安,温州,07:05,1234567,666/2666,长安航空,陕西,浙江,西安咸阳国际机场,温州龙湾国际机场,XIY,WNZ,11:15,,2026-09-01,2026-10-24,,200
GX7885,济南,岳阳,07:05,1357,666/2666,北部湾航空,山东,湖南,济南遥墙国际机场,岳阳三荷机场,TNA,YYA,09:05,,2026-09-01,2026-10-24,,201
GX7885,济南,昆明,07:05,1357,666/2666,北部湾航空,山东,云南,济南遥墙国际机场,昆明长水国际机场,TNA,KMG,11:50,,2026-09-01,2026-10-24,,202
GX8841,南宁,南充,07:05,246,666/2666,北部湾航空,广西,四川,南宁吴圩国际机场,南充高坪机场,NNG,NAO,08:55,,2026-09-01,2026-10-24,,203
GX8841,南宁,青岛,07:05,246,666/2666,北部湾航空,广西,山东,南宁吴圩国际机场,青岛胶东国际机场,NNG,TAO,12:15,,2026-09-01,2026-10-24,,204
HU7161,广州,杭州,07:05,1234567,666/2666,海南航空,广东,浙江,广州白云国际机场,杭州萧山国际机场,CAN,HGH,09:05,,2026-09-01,2026-10-24,,205
HU7663,长沙,唐山,07:05,1234567,666/2666,海南航空,湖南,河北,长沙黄花国际机场,唐山三女河机场,CSX,TVS,09:30,,2026-09-01,2026-10-24,,206
JD5143,西安,桂林,07:05,1234567,666/2666,首都航空,陕西,广西,西安咸阳国际机场,桂林两江国际机场,XIY,KWL,09:15,,2026-09-01,2026-10-24,,207
JD5585,海口,贵阳,07:05,1234567,666/2666,首都航空,海南,贵州,海口美兰国际机场,贵阳龙洞堡国际机场,HAK,KWE,08:40,9.29~10.8,2026-09-29,2026-10-08,,208
JD5843,杭州,乌鲁木齐,07:05,1234567,666/2666,首都航空,浙江,新疆,杭州萧山国际机场,乌鲁木齐天山国际机场,HGH,URC,12:05,,2026-09-01,2026-10-24,,209
UQ2521,乌鲁木齐,兰州,07:05,246,666/2666,乌鲁木齐航空,新疆,甘肃,乌鲁木齐天山国际机场,兰州中川国际机场,URC,LHW,09:40,,2026-09-01,2026-10-24,,210
UQ2521,乌鲁木齐,长沙,07:05,246,666/2666,乌鲁木齐航空,新疆,湖南,乌鲁木齐天山国际机场,长沙黄花国际机场,URC,CSX,13:30,,2026-09-01,2026-10-24,,211
UQ2579,乌鲁木齐,兰州,07:05,1357,666/2666,乌鲁木齐航空,新疆,甘肃,乌鲁木齐天山国际机场,兰州中川国际机场,URC,LHW,09:40,,2026-09-01,2026-10-24,,212
UQ2579,乌鲁木齐,扬州,07:05,1357,666/2666,乌鲁木齐航空,新疆,江苏,乌鲁木齐天山国际机场,扬州泰州国际机场,URC,YTY,13:25,,2026-09-01,2026-10-24,,213
8L9545,昆明,哈尔滨,07:10,246,666/2666,祥鹏航空,云南,黑龙江,昆明长水国际机场,哈尔滨太平国际机场,KMG,HRB,14:25,,2026-09-01,2026-10-24,,214
8L9545,昆明,赣州,07:10,246,666/2666,祥鹏航空,云南,江西,昆明长水国际机场,赣州黄金机场,KMG,KOW,09:40,,2026-09-01,2026-10-24,,215
8L9607,成都,西双版纳,07:10,1357,666/2666,祥鹏航空,四川,云南,成都天府国际机场,西双版纳嘎洒国际机场,TFU,JHG,08:55,,2026-09-01,2026-10-24,,216
8L9623,西双版纳,宁波,07:10,246,666/2666,祥鹏航空,云南,浙江,西双版纳嘎洒国际机场,宁波栎社国际机场,JHG,NGB,12:00,,2026-09-01,2026-10-24,,217
8L9623,西双版纳,遵义,07:10,246,666/2666,祥鹏航空,云南,贵州,西双版纳嘎洒国际机场,遵义茅台机场,JHG,WMT,08:55,,2026-09-01,2026-10-24,,218
8L9731,昆明,天津,07:10,1357,666/2666,祥鹏航空,云南,天津,昆明长水国际机场,天津滨海国际机场,KMG,TSN,12:15,,2026-09-01,2026-10-24,,219
8L9731,昆明,泸州,07:10,1357,666/2666,祥鹏航空,云南,四川,昆明长水国际机场,泸州云龙机场,KMG,LZO,08:35,,2026-09-01,2026-10-24,,220
8L9747,昆明,拉萨,07:10,1234567,666/2666,祥鹏航空,云南,西藏,昆明长水国际机场,拉萨贡嘎国际机场,KMG,LXA,09:55,,2026-09-01,2026-10-24,,221
8L9775,大理,郑州,07:10,246,666/2666,祥鹏航空,云南,河南,大理凤仪机场,郑州新郑国际机场,DLU,CGO,10:00,,2026-09-01,2026-10-24,,222
GS6527,海口,石家庄,07:10,1234567,666/2666,天津航空,海南,河北,海口美兰国际机场,石家庄正定国际机场,HAK,SJW,10:20,,2026-09-01,2026-10-24,,223
GS6527,海口,长春,07:10,1234567,666/2666,天津航空,海南,吉林,海口美兰国际机场,长春龙嘉国际机场,HAK,CGQ,13:30,,2026-09-01,2026-10-24,,224
GS7511,乌鲁木齐,兰州,07:10,1357,666/2666,天津航空,新疆,甘肃,乌鲁木齐天山国际机场,兰州中川国际机场,URC,LHW,12:40,,2026-09-01,2026-10-24,,225
GS7511,乌鲁木齐,阿拉尔,07:10,1357,666/2666,天津航空,新疆,新疆,乌鲁木齐天山国际机场,阿拉尔塔里木机场,URC,ACF,08:55,,2026-09-01,2026-10-24,,226
GX8951,南宁,大连,07:10,1357,666/2666,北部湾航空,广西,辽宁,南宁吴圩国际机场,大连周水子国际机场,NNG,DLC,12:10,,2026-09-01,2026-10-24,,227
GX8951,南宁,阜阳,07:10,1357,666/2666,北部湾航空,广西,安徽,南宁吴圩国际机场,阜阳西关机场,NNG,FUG,09:30,,2026-09-01,2026-10-24,,228
HU7039,海口,呼和浩特,07:10,1234567,666/2666,海南航空,海南,内蒙古,海口美兰国际机场,呼和浩特白塔国际机场,HAK,HET,13:00,9.28~10.10,2026-09-28,2026-10-10,,229
HU7039,海口,贵阳,07:10,1234567,666/2666,海南航空,海南,贵州,海口美兰国际机场,贵阳龙洞堡国际机场,HAK,KWE,09:05,9.28~10.10,2026-09-28,2026-10-10,,230
HU7687,海口,宁波,07:10,1234567,666/2666,海南航空,海南,浙江,海口美兰国际机场,宁波栎社国际机场,HAK,NGB,09:45,,2026-09-01,2026-10-24,,231
HU7687,海口,青岛,07:10,1234567,666/2666,海南航空,海南,山东,海口美兰国际机场,青岛胶东国际机场,HAK,TAO,12:30,,2026-09-01,2026-10-24,,232
HU7702,深圳,北京,07:10,1234567,666/2666,海南航空,广东,北京,深圳宝安国际机场,北京首都国际机场,SZX,PEK,10:15,,2026-09-01,2026-10-24,,233
HU7783,长沙,宁波,07:10,1234567,666/2666,海南航空,湖南,浙江,长沙黄花国际机场,宁波栎社国际机场,CSX,NGB,08:55,,2026-09-01,2026-10-24,,234
JD5501,丽江,长沙,07:10,1234567,666/2666,首都航空,云南,湖南,丽江三义国际机场,长沙黄花国际机场,LJG,CSX,09:25,,2026-09-01,2026-10-24,,235
PN6325,郑州,揭阳,07:10,246,666/2666,西部航空,河南,广东,郑州新郑国际机场,揭阳潮汕国际机场,CGO,SWA,09:30,,2026-09-01,2026-10-24,,236
PN6463,郑州,长春,07:10,246,666/2666,西部航空,河南,吉林,郑州新郑国际机场,长春龙嘉国际机场,CGO,CGQ,09:50,,2026-09-01,2026-10-24,,237
8L9727,昆明,天津,07:15,246,666/2666,祥鹏航空,云南,天津,昆明长水国际机场,天津滨海国际机场,KMG,TSN,12:15,,2026-09-01,2026-10-24,,238
8L9727,昆明,绵阳,07:15,246,666/2666,祥鹏航空,云南,四川,昆明长水国际机场,绵阳南郊机场,KMG,MIG,08:55,,2026-09-01,2026-10-24,,239
8L9819,昆明,济南,07:15,1357,666/2666,祥鹏航空,云南,山东,昆明长水国际机场,济南遥墙国际机场,KMG,TNA,10:20,,2026-09-01,2026-10-24,,240
GS6454,海口,西宁,07:15,1234567,666/2666,天津航空,海南,青海,海口美兰国际机场,西宁曹家堡国际机场,HAK,XNN,12:15,,2026-09-01,2026-10-24,,241
GS6454,海口,贵阳,07:15,1234567,666/2666,天津航空,海南,贵州,海口美兰国际机场,贵阳龙洞堡国际机场,HAK,KWE,08:55,,2026-09-01,2026-10-24,,242
GS6463,贵阳,西安,07:15,1234567,666/2666,天津航空,贵州,陕西,贵阳龙洞堡国际机场,西安咸阳国际机场,KWE,XIY,09:05,,2026-09-01,2026-10-24,,243
GS7579,乌鲁木齐,厦门,07:15,1357,666/2666,天津航空,新疆,福建,乌鲁木齐天山国际机场,厦门高崎国际机场,URC,XMN,14:35,,2026-09-01,2026-10-24,,244
GS7579,乌鲁木齐,徐州,07:15,1357,666/2666,天津航空,新疆,江苏,乌鲁木齐天山国际机场,徐州观音国际机场,URC,XUZ,11:50,,2026-09-01,2026-10-24,,245
GX7873,南宁,上饶,07:15,1357,666/2666,北部湾航空,广西,江西,南宁吴圩国际机场,上饶三清山机场,NNG,SQD,09:20,,2026-09-01,2026-10-24,,246
GX7873,南宁,天津,07:15,1357,666/2666,北部湾航空,广西,天津,南宁吴圩国际机场,天津滨海国际机场,NNG,TSN,12:15,,2026-09-01,2026-10-24,,247
GX7887,济南,丽江,07:15,246,666/2666,北部湾航空,山东,云南,济南遥墙国际机场,丽江三义国际机场,TNA,LJG,11:50,,2026-09-01,2026-10-24,,248
GX7887,济南,南充,07:15,246,666/2666,北部湾航空,山东,四川,济南遥墙国际机场,南充高坪机场,TNA,NAO,09:35,,2026-09-01,2026-10-24,,249
GX8915,海口,南充,07:15,246,666/2666,北部湾航空,海南,四川,海口美兰国际机场,南充高坪机场,HAK,NAO,09:40,,2026-09-01,2026-10-24,,250
GX8915,海口,合肥,07:15,246,666/2666,北部湾航空,海南,安徽,海口美兰国际机场,合肥新桥国际机场,HAK,HFE,12:30,,2026-09-01,2026-10-24,,251
GX8949,南宁,大连,07:15,246,666/2666,北部湾航空,广西,辽宁,南宁吴圩国际机场,大连周水子国际机场,NNG,DLC,12:10,,2026-09-01,2026-10-24,,252
GX8949,南宁,赣州,07:15,246,666/2666,北部湾航空,广西,江西,南宁吴圩国际机场,赣州黄金机场,NNG,KOW,08:50,,2026-09-01,2026-10-24,,253
HU6223,乌鲁木齐,北京,07:15,1234567,666/2666,海南航空,新疆,北京,乌鲁木齐天山国际机场,北京首都国际机场,URC,PEK,10:55,10.8止,2026-09-01,2026-10-08,,254
HU7135,北京,长沙,07:15,1234567,666/2666,海南航空,北京,湖南,北京首都国际机场,长沙黄花国际机场,PEK,CSX,09:50,,2026-09-01,2026-10-24,,255
HU7637,大连,珠海,07:15,1234567,666/2666,海南航空,辽宁,广东,大连周水子国际机场,珠海金湾机场,DLC,ZUH,12:40,,2026-09-01,2026-10-24,,256
HU7637,大连,郑州,07:15,1234567,666/2666,海南航空,辽宁,河南,大连周水子国际机场,郑州新郑国际机场,DLC,CGO,09:10,,2026-09-01,2026-10-24,,257
JD5541,三亚,临沂,07:15,246,666/2666,首都航空,海南,山东,三亚凤凰国际机场,临沂启阳机场,SYX,LYI,10:40,,2026-09-01,2026-10-24,,258
UQ3589,郑州,伊宁,07:15,1234567,666/2666,乌鲁木齐航空,河南,新疆,郑州新郑国际机场,伊宁机场,CGO,YIN,12:10,,2026-09-01,2026-10-24,,259
8L9564,大理,泸州,07:20,1357,666/2666,祥鹏航空,云南,四川,大理凤仪机场,泸州云龙机场,DLU,LZO,08:45,,2026-09-01,2026-10-24,,260
8L9564,大理,郑州,07:20,1357,666/2666,祥鹏航空,云南,河南,大理凤仪机场,郑州新郑国际机场,DLU,CGO,11:35,,2026-09-01,2026-10-24,,261
8L9591,成都,南京,07:20,2467,666/2666,祥鹏航空,四川,江苏,成都天府国际机场,南京禄口国际机场,TFU,NKG,11:55,,2026-09-01,2026-10-24,,262
8L9591,成都,巴中,07:20,2467,666/2666,祥鹏航空,四川,四川,成都天府国际机场,巴中恩阳机场,TFU,BZX,08:30,,2026-09-01,2026-10-24,,263
8L9725,大理,合肥,07:20,246,666/2666,祥鹏航空,云南,安徽,大理凤仪机场,合肥新桥国际机场,DLU,HFE,11:55,,2026-09-01,2026-10-24,,264
8L9725,大理,遵义,07:20,246,666/2666,祥鹏航空,云南,贵州,大理凤仪机场,遵义新舟机场,DLU,ZYI,09:00,,2026-09-01,2026-10-24,,265
8L9793,丽江,天津,07:20,1234567,666/2666,祥鹏航空,云南,天津,丽江三义国际机场,天津滨海国际机场,LJG,TSN,10:55,,2026-09-01,2026-10-24,,266
8L9810,成都,丽江,07:20,1234567,666/2666,祥鹏航空,四川,云南,成都天府国际机场,丽江三义国际机场,TFU,LJG,08:50,,2026-09-01,2026-10-24,,267
8L9837,昆明,上海,07:20,246,666/2666,祥鹏航空,云南,上海,昆明长水国际机场,上海虹桥国际机场,KMG,SHA,12:00,,2026-09-01,2026-10-24,,268
8L9837,昆明,宜春,07:20,246,666/2666,祥鹏航空,云南,江西,昆明长水国际机场,宜春明月山机场,KMG,YIC,09:30,,2026-09-01,2026-10-24,,269
8L9859,昆明,合肥,07:20,1234567,666/2666,祥鹏航空,云南,安徽,昆明长水国际机场,合肥新桥国际机场,KMG,HFE,09:55,,2026-09-01,2026-10-24,,270
9H8469,贵阳,南京,07:20,1234567,666/2666,长安航空,贵州,江苏,贵阳龙洞堡国际机场,南京禄口国际机场,KWE,NKG,09:45,,2026-09-01,2026-10-24,,271
GS6587,重庆,乌鲁木齐,07:20,1357,666/2666,天津航空,重庆,新疆,重庆江北国际机场,乌鲁木齐天山国际机场,CKG,URC,12:45,,2026-09-01,2026-10-24,,272
GS6587,重庆,敦煌,07:20,1357,666/2666,天津航空,重庆,甘肃,重庆江北国际机场,敦煌莫高国际机场,CKG,DNH,10:25,,2026-09-01,2026-10-24,,273
GS7437,海口,遵义,07:20,246,666/2666,天津航空,海南,贵州,海口美兰国际机场,遵义新舟机场,HAK,ZYI,09:15,,2026-09-01,2026-10-24,,274
GS7437,海口,郑州,07:20,246,666/2666,天津航空,海南,河南,海口美兰国际机场,郑州新郑国际机场,HAK,CGO,12:05,,2026-09-01,2026-10-24,,275
GS7539,喀什,乌鲁木齐,07:20,1234567,666/2666,天津航空,新疆,新疆,喀什徕宁国际机场,乌鲁木齐天山国际机场,KHG,URC,09:20,,2026-09-01,2026-10-24,,276
GS7539,喀什,青岛,07:20,1234567,666/2666,天津航空,新疆,山东,喀什徕宁国际机场,青岛胶东国际机场,KHG,TAO,15:00,,2026-09-01,2026-10-24,,277
GS7585,乌鲁木齐,厦门,07:20,246,666/2666,天津航空,新疆,福建,乌鲁木齐天山国际机场,厦门高崎国际机场,URC,XMN,14:40,,2026-09-01,2026-10-24,,278
GS7585,乌鲁木齐,安康,07:20,246,666/2666,天津航空,新疆,陕西,乌鲁木齐天山国际机场,安康富强机场,URC,AKA,11:25,,2026-09-01,2026-10-24,,279
GX8835,南宁,徐州,07:20,246,666/2666,北部湾航空,广西,江苏,南宁吴圩国际机场,徐州观音国际机场,NNG,XUZ,09:55,,2026-09-01,2026-10-24,,280
HU7017,海口,珠海,07:20,1357,666/2666,海南航空,海南,广东,海口美兰国际机场,珠海金湾机场,HAK,ZUH,08:55,9.25~10.9,2026-09-25,2026-10-09,,281
HU7047,海口,厦门,07:20,1234567,666/2666,海南航空,海南,福建,海口美兰国际机场,厦门高崎国际机场,HAK,XMN,09:25,,2026-09-01,2026-10-24,,282
HU7047,海口,沈阳,07:20,1234567,666/2666,海南航空,海南,辽宁,海口美兰国际机场,沈阳桃仙国际机场,HAK,SHE,13:55,,2026-09-01,2026-10-24,,283
HU7073,海口,哈尔滨,07:20,1234567,666/2666,海南航空,海南,黑龙江,海口美兰国际机场,哈尔滨太平国际机场,HAK,HRB,12:30,,2026-09-01,2026-10-24,,284
HU7223,广州,乌鲁木齐,07:20,1234567,666/2666,海南航空,广东,新疆,广州白云国际机场,乌鲁木齐天山国际机场,CAN,URC,12:45,,2026-09-01,2026-10-24,,285
JD5091,北京,南昌,07:20,246,666/2666,首都航空,北京,江西,北京大兴国际机场,南昌昌北国际机场,PKX,KHN,09:40,,2026-09-01,2026-10-24,,286
JD5765,三亚,长春,07:20,1234567,666/2666,首都航空,海南,吉林,三亚凤凰国际机场,长春龙嘉国际机场,SYX,CGQ,14:05,,2026-09-01,2026-10-24,,287
JD5765,三亚,长沙,07:20,1234567,666/2666,首都航空,海南,湖南,三亚凤凰国际机场,长沙黄花国际机场,SYX,CSX,09:35,,2026-09-01,2026-10-24,,288
PN6569,重庆,长沙,07:20,1234567,666/2666,西部航空,重庆,湖南,重庆江北国际机场,长沙黄花国际机场,CKG,CSX,08:55,,2026-09-01,2026-10-24,,289
8L9914,成都,大理,07:25,246,666/2666,祥鹏航空,四川,云南,成都天府国际机场,大理凤仪机场,TFU,DLU,08:50,,2026-09-01,2026-10-24,,290
9H8355,西安,喀什,07:25,246,666/2666,长安航空,陕西,新疆,西安咸阳国际机场,喀什徕宁国际机场,XIY,KHG,12:10,,2026-09-01,2026-10-24,,291
9H8371,宜昌,大连,07:25,23467,666/2666,长安航空,湖北,辽宁,宜昌三峡机场,大连周水子国际机场,YIH,DLC,10:05,,2026-09-01,2026-10-24,,292
9H8389,西安,北海,07:25,246,666/2666,长安航空,陕西,广西,西安咸阳国际机场,北海福成机场,XIY,BHY,10:15,,2026-09-01,2026-10-24,,293
GS6591,重庆,乌鲁木齐,07:25,246,666/2666,天津航空,重庆,新疆,重庆江北国际机场,乌鲁木齐天山国际机场,CKG,URC,12:45,,2026-09-01,2026-10-24,,294
GS6591,重庆,张掖,07:25,246,666/2666,天津航空,重庆,甘肃,重庆江北国际机场,张掖甘州机场,CKG,YZY,09:30,,2026-09-01,2026-10-24,,295
GS7649,西安,哈密,07:25,1234567,666/2666,天津航空,陕西,新疆,西安咸阳国际机场,哈密伊州机场,XIY,HMI,10:20,,2026-09-01,2026-10-24,,296
GS7663,西安,三亚,07:25,246,666/2666,天津航空,陕西,海南,西安咸阳国际机场,三亚凤凰国际机场,XIY,SYX,12:25,,2026-09-01,2026-10-24,,297
GS7663,西安,衡阳,07:25,246,666/2666,天津航空,陕西,湖南,西安咸阳国际机场,衡阳南岳机场,XIY,HNY,09:30,,2026-09-01,2026-10-24,,298
HU7141,广州,重庆,07:25,1234567,666/2666,海南航空,广东,重庆,广州白云国际机场,重庆江北国际机场,CAN,CKG,09:55,,2026-09-01,2026-10-24,,299
HU7368,重庆,北京,07:25,1234567,666/2666,海南航空,重庆,北京,重庆江北国际机场,北京首都国际机场,CKG,PEK,10:00,,2026-09-01,2026-10-24,,300
HU7470,杭州,大连,07:25,1357,666/2666,海南航空,浙江,辽宁,杭州萧山国际机场,大连周水子国际机场,HGH,DLC,09:25,,2026-09-01,2026-10-24,,301
HU7627,哈尔滨,南宁,07:25,1234567,666/2666,海南航空,黑龙江,广西,哈尔滨太平国际机场,南宁吴圩国际机场,HRB,NNG,14:05,,2026-09-01,2026-10-24,,302
HU7627,哈尔滨,天津,07:25,1234567,666/2666,海南航空,黑龙江,天津,哈尔滨太平国际机场,天津滨海国际机场,HRB,TSN,09:45,,2026-09-01,2026-10-24,,303
HU7726,上海,深圳,07:25,1234567,666/2666,海南航空,上海,广东,上海浦东国际机场,深圳宝安国际机场,PVG,SZX,09:55,,2026-09-01,2026-10-24,,304
JD5217,北京,乌鲁木齐,07:25,1234567,666/2666,首都航空,北京,新疆,北京大兴国际机场,乌鲁木齐天山国际机场,PKX,URC,11:50,,2026-09-01,2026-10-24,,305
JD5577,北京,三亚,07:25,1234567,666/2666,首都航空,北京,海南,北京大兴国际机场,三亚凤凰国际机场,PKX,SYX,11:30,,2026-09-01,2026-10-24,,306
JD5908,北京,杭州,07:25,1234567,666/2666,首都航空,北京,浙江,北京大兴国际机场,杭州萧山国际机场,PKX,HGH,09:25,,2026-09-01,2026-10-24,,307
PN6407,郑州,海口,07:25,7,666/2666,西部航空,河南,海南,郑州新郑国际机场,海口美兰国际机场,CGO,HAK,10:30,,2026-09-01,2026-10-24,,308
UQ2507,乌鲁木齐,天津,07:25,1357,666/2666,乌鲁木齐航空,新疆,天津,乌鲁木齐天山国际机场,天津滨海国际机场,URC,TSN,11:20,,2026-09-01,2026-10-24,,309
UQ2507,乌鲁木齐,景德镇,07:25,1357,666/2666,乌鲁木齐航空,新疆,江西,乌鲁木齐天山国际机场,景德镇罗家机场,URC,JDZ,14:25,,2026-09-01,2026-10-24,,310
UQ2622,图木舒克,乌鲁木齐,07:25,1234567,666/2666,乌鲁木齐航空,新疆,新疆,图木舒克唐王城机场,乌鲁木齐天山国际机场,TWC,URC,08:55,,2026-09-01,2026-10-24,,311
UQ3503,郑州,阿克苏,07:25,1357,666/2666,乌鲁木齐航空,河南,新疆,郑州新郑国际机场,阿克苏红旗坡机场,CGO,AKU,12:10,,2026-09-01,2026-10-24,,312
8L9919,昆明,芒市,07:30,1234567,666/2666,祥鹏航空,云南,云南,昆明长水国际机场,德宏芒市机场,KMG,LUM,08:40,,2026-09-01,2026-10-24,,313
8L9965,昆明,三亚,07:30,1234567,666/2666,祥鹏航空,云南,海南,昆明长水国际机场,三亚凤凰国际机场,KMG,SYX,09:35,,2026-09-01,2026-10-24,,314
GS6503,榆林,三亚,07:30,246,666/2666,天津航空,陕西,海南,榆林榆阳机场,三亚凤凰国际机场,UYN,SYX,11:05,,2026-09-01,2026-10-24,,315
GS7821,天津,大连,07:30,5,666/2666,天津航空,天津,辽宁,天津滨海国际机场,大连周水子国际机场,TSN,DLC,08:30,,2026-09-01,2026-10-24,,316
GS7909,天津,安庆,07:30,246,666/2666,天津航空,天津,安徽,天津滨海国际机场,安庆天柱山机场,TSN,AQG,09:15,,2026-09-01,2026-10-24,,317
GS7909,天津,深圳,07:30,246,666/2666,天津航空,天津,广东,天津滨海国际机场,深圳宝安国际机场,TSN,SZX,11:55,,2026-09-01,2026-10-24,,318
GX7869,长沙,济宁,07:30,246,666/2666,北部湾航空,湖南,山东,长沙黄花国际机场,济宁大安机场,CSX,JNG,09:10,,2026-09-01,2026-10-24,,319
GX8977,南宁,赣州,07:30,1357,666/2666,北部湾航空,广西,江西,南宁吴圩国际机场,赣州黄金机场,NNG,KOW,09:05,,2026-09-01,2026-10-24,,320
GX8977,南宁,青岛,07:30,1357,666/2666,北部湾航空,广西,山东,南宁吴圩国际机场,青岛胶东国际机场,NNG,TAO,12:15,,2026-09-01,2026-10-24,,321
HU7145,北京,乌鲁木齐,07:30,1234567,666/2666,海南航空,北京,新疆,北京首都国际机场,乌鲁木齐天山国际机场,PEK,URC,11:55,,2026-09-01,2026-10-24,,322
HU7171,海口,重庆,07:30,234567,666/2666,海南航空,海南,重庆,海口美兰国际机场,重庆江北国际机场,HAK,CKG,09:50,,2026-09-01,2026-10-24,,323
HU7211,北京,昆明,07:30,1234567,666/2666,海南航空,北京,云南,北京首都国际机场,昆明长水国际机场,PEK,KMG,11:10,,2026-09-01,2026-10-24,,324
HU7289,北京,贵阳,07:30,1234567,666/2666,海南航空,北京,贵州,北京首都国际机场,贵阳龙洞堡国际机场,PEK,KWE,10:40,,2026-09-01,2026-10-24,,325
HU7378,杭州,北京,07:30,1234567,666/2666,海南航空,浙江,北京,杭州萧山国际机场,北京首都国际机场,HGH,PEK,09:45,,2026-09-01,2026-10-24,,326
HU7613,北京,上海,07:30,1234567,666/2666,海南航空,北京,上海,北京首都国际机场,上海浦东国际机场,PEK,PVG,09:50,,2026-09-01,2026-10-24,,327
HU7731,深圳,呼和浩特,07:30,1234567,666/2666,海南航空,广东,内蒙古,深圳宝安国际机场,呼和浩特白塔国际机场,SZX,HET,12:40,,2026-09-01,2026-10-24,,328
HU7731,深圳,郑州,07:30,1234567,666/2666,海南航空,广东,河南,深圳宝安国际机场,郑州新郑国际机场,SZX,CGO,10:00,,2026-09-01,2026-10-24,,329
HU7767,深圳,昆明,07:30,1234567,666/2666,海南航空,广东,云南,深圳宝安国际机场,昆明长水国际机场,SZX,KMG,09:35,,2026-09-01,2026-10-24,,330
HU7898,三亚,乌鲁木齐,07:30,1234567,666/2666,海南航空,海南,新疆,三亚凤凰国际机场,乌鲁木齐天山国际机场,SYX,URC,15:30,,2026-09-01,2026-10-24,,331
HU7898,三亚,西安,07:30,1234567,666/2666,海南航空,海南,陕西,三亚凤凰国际机场,西安咸阳国际机场,SYX,XIY,10:40,,2026-09-01,2026-10-24,,332
JD5161,广州,成都,07:30,1234567,666/2666,首都航空,广东,四川,广州白云国际机场,成都天府国际机场,CAN,TFU,09:55,,2026-09-01,2026-10-24,,333
JD5649,丽江,厦门,07:30,1357,666/2666,首都航空,云南,福建,丽江三义国际机场,厦门高崎国际机场,LJG,XMN,10:25,,2026-09-01,2026-10-24,,334
JD5739,丽江,天津,07:30,1357,666/2666,首都航空,云南,天津,丽江三义国际机场,天津滨海国际机场,LJG,TSN,10:55,,2026-09-01,2026-10-24,,335
PN6585,重庆,宁波,07:30,246,666/2666,西部航空,重庆,浙江,重庆江北国际机场,宁波栎社国际机场,CKG,NGB,11:40,,2026-09-01,2026-10-24,,336
PN6585,重庆,宜春,07:30,246,666/2666,西部航空,重庆,江西,重庆江北国际机场,宜春明月山机场,CKG,YIC,09:15,,2026-09-01,2026-10-24,,337
UQ3549,郑州,湛江,07:30,1357,666/2666,乌鲁木齐航空,河南,广东,郑州新郑国际机场,湛江吴川机场,CGO,ZHA,10:10,,2026-09-01,2026-10-24,,338
8L9628,昆明,成都,07:35,1234567,666/2666,祥鹏航空,云南,四川,昆明长水国际机场,成都天府国际机场,KMG,TFU,09:05,,2026-09-01,2026-10-24,,339
8L9977,昆明,呼和浩特,07:35,1234567,666/2666,祥鹏航空,云南,内蒙古,昆明长水国际机场,呼和浩特白塔国际机场,KMG,HET,10:45,,2026-09-01,2026-10-24,,340
FU6717,厦门,哈尔滨,07:35,1234567,666/2666,福州航空,福建,黑龙江,厦门高崎国际机场,哈尔滨太平国际机场,XMN,HRB,13:00,,2026-09-01,2026-10-24,,341
FU6717,厦门,舟山,07:35,1234567,666/2666,福州航空,福建,浙江,厦门高崎国际机场,舟山普陀山机场,XMN,HSN,09:15,,2026-09-01,2026-10-24,,342
FU6765,福州,喀什,07:35,1234567,666/2666,福州航空,福建,新疆,福州长乐国际机场,喀什徕宁国际机场,FOC,KHG,16:10,,2026-09-01,2026-10-24,,343
FU6765,福州,西安,07:35,1234567,666/2666,福州航空,福建,陕西,福州长乐国际机场,西安咸阳国际机场,FOC,XIY,10:15,,2026-09-01,2026-10-24,,344
GS7401,石家庄,榆林,07:35,1357,666/2666,天津航空,河北,陕西,石家庄正定国际机场,榆林榆阳机场,SJW,UYN,08:50,,2026-09-01,2026-10-24,,345
GS7401,石家庄,银川,07:35,1357,666/2666,天津航空,河北,宁夏,石家庄正定国际机场,银川河东国际机场,SJW,INC,10:30,,2026-09-01,2026-10-24,,346
GS7549,乌鲁木齐,和田,07:35,1234567,666/2666,天津航空,新疆,新疆,乌鲁木齐天山国际机场,和田昆冈机场,URC,HTN,09:50,,2026-09-01,2026-10-24,,347
GS7801,天津,太原,07:35,1357,666/2666,天津航空,天津,山西,天津滨海国际机场,太原武宿国际机场,TSN,TYN,08:50,,2026-09-01,2026-10-24,,348
GX8803,济南,榆林,07:35,1234567,666/2666,北部湾航空,山东,陕西,济南遥墙国际机场,榆林榆阳机场,TNA,UYN,09:15,,2026-09-01,2026-10-24,,349
GX8803,济南,重庆,07:35,1234567,666/2666,北部湾航空,山东,重庆,济南遥墙国际机场,重庆江北国际机场,TNA,CKG,11:45,,2026-09-01,2026-10-24,,350
HU7315,三亚,南昌,07:35,246,666/2666,海南航空,海南,江西,三亚凤凰国际机场,南昌昌北国际机场,SYX,KHN,10:10,,2026-09-01,2026-10-24,,351
HU7505,哈尔滨,贵阳,07:35,1234567,666/2666,海南航空,黑龙江,贵州,哈尔滨太平国际机场,贵阳龙洞堡国际机场,HRB,KWE,14:05,10.8止,2026-09-01,2026-10-08,,352
HU7505,哈尔滨,郑州,07:35,1234567,666/2666,海南航空,黑龙江,河南,哈尔滨太平国际机场,郑州新郑国际机场,HRB,CGO,10:35,10.8止,2026-09-01,2026-10-08,,353
HU7751,深圳,徐州,07:35,1234567,666/2666,海南航空,广东,江苏,深圳宝安国际机场,徐州观音国际机场,SZX,XUZ,09:55,,2026-09-01,2026-10-24,,354
HU7870,深圳,西安,07:35,1234567,666/2666,海南航空,广东,陕西,深圳宝安国际机场,西安咸阳国际机场,SZX,XIY,10:20,,2026-09-01,2026-10-24,,355
JD5621,杭州,大理,07:35,1234567,666/2666,首都航空,浙江,云南,杭州萧山国际机场,大理凤仪机场,HGH,DLU,10:50,,2026-09-01,2026-10-24,,356
JD5689,杭州,宜昌,07:35,1234567,666/2666,首都航空,浙江,湖北,杭州萧山国际机场,宜昌三峡机场,HGH,YIH,09:35,,2026-09-01,2026-10-24,,357
JD5689,杭州,贵阳,07:35,1234567,666/2666,首都航空,浙江,贵州,杭州萧山国际机场,贵阳龙洞堡国际机场,HGH,KWE,12:25,,2026-09-01,2026-10-24,,358
PN6213,重庆,三亚,07:35,1234567,666/2666,西部航空,重庆,海南,重庆江北国际机场,三亚凤凰国际机场,CKG,SYX,09:55,,2026-09-01,2026-10-24,,359
PN6219,重庆,舟山,07:35,1234567,666/2666,西部航空,重庆,浙江,重庆江北国际机场,舟山普陀山机场,CKG,HSN,12:00,,2026-09-01,2026-10-24,,360
PN6219,重庆,阜阳,07:35,1234567,666/2666,西部航空,重庆,安徽,重庆江北国际机场,阜阳西关机场,CKG,FUG,09:40,,2026-09-01,2026-10-24,,361
PN6273,重庆,郑州,07:35,1234567,666/2666,西部航空,重庆,河南,重庆江北国际机场,郑州新郑国际机场,CKG,CGO,09:20,,2026-09-01,2026-10-24,,362
PN6371,郑州,三亚,07:35,1234567,666/2666,西部航空,河南,海南,郑州新郑国际机场,三亚凤凰国际机场,CGO,SYX,13:05,,2026-09-01,2026-10-24,,363
PN6371,郑州,赣州,07:35,1234567,666/2666,西部航空,河南,江西,郑州新郑国际机场,赣州黄金机场,CGO,KOW,09:40,,2026-09-01,2026-10-24,,364
Y87527,深圳,呼伦贝尔,07:35,123467,666/2666,金鹏航空,广东,内蒙古,深圳宝安国际机场,呼伦贝尔海拉尔东山国际机场,SZX,HLD,13:55,,2026-09-01,2026-10-24,,365
Y87527,深圳,呼和浩特,07:35,123467,666/2666,金鹏航空,广东,内蒙古,深圳宝安国际机场,呼和浩特白塔国际机场,SZX,HET,10:50,,2026-09-01,2026-10-24,,366
8L9508,郑州,昆明,07:40,1234567,666/2666,祥鹏航空,河南,云南,郑州新郑国际机场,昆明长水国际机场,CGO,KMG,10:25,,2026-09-01,2026-10-24,,367
8L9515,郑州,厦门,07:40,1234567,666/2666,祥鹏航空,河南,福建,郑州新郑国际机场,厦门高崎国际机场,CGO,XMN,10:00,,2026-09-01,2026-10-24,,368
8L9795,丽江,泸州,07:40,1357,666/2666,祥鹏航空,云南,四川,丽江三义国际机场,泸州云龙机场,LJG,LZO,09:00,,2026-09-01,2026-10-24,,369
8L9795,丽江,银川,07:40,1357,666/2666,祥鹏航空,云南,宁夏,丽江三义国际机场,银川河东国际机场,LJG,INC,12:00,,2026-09-01,2026-10-24,,370
8L9875,昆明,太原,07:40,1234567,666/2666,祥鹏航空,云南,山西,昆明长水国际机场,太原武宿国际机场,KMG,TYN,10:30,,2026-09-01,2026-10-24,,371
8L9897,昆明,温州,07:40,1234567,666/2666,祥鹏航空,云南,浙江,昆明长水国际机场,温州龙湾国际机场,KMG,WNZ,10:40,,2026-09-01,2026-10-24,,372
GS6519,榆林,长沙,07:40,1357,666/2666,天津航空,陕西,湖南,榆林榆阳机场,长沙黄花国际机场,UYN,CSX,09:50,,2026-09-01,2026-10-24,,373
GS6631,呼和浩特,哈尔滨,07:40,1246,666/2666,天津航空,内蒙古,黑龙江,呼和浩特白塔国际机场,哈尔滨太平国际机场,HET,HRB,10:00,9.28~10.10,2026-09-28,2026-10-10,,374
GS7495,乌鲁木齐,哈密,07:40,246,666/2666,天津航空,新疆,新疆,乌鲁木齐天山国际机场,哈密伊州机场,URC,HMI,09:05,,2026-09-01,2026-10-24,,375
GS7495,乌鲁木齐,西安,07:40,246,666/2666,天津航空,新疆,陕西,乌鲁木齐天山国际机场,西安咸阳国际机场,URC,XIY,13:00,,2026-09-01,2026-10-24,,376
GS7519,乌鲁木齐,杭州,07:40,26,666/2666,天津航空,新疆,浙江,乌鲁木齐天山国际机场,杭州萧山国际机场,URC,HGH,14:50,,2026-09-01,2026-10-24,,377
GS7519,乌鲁木齐,金昌,07:40,26,666/2666,天津航空,新疆,甘肃,乌鲁木齐天山国际机场,金昌金川机场,URC,JIC,10:40,,2026-09-01,2026-10-24,,378
GS7689,乌鲁木齐,珠海,07:40,5,666/2666,天津航空,新疆,广东,乌鲁木齐天山国际机场,珠海金湾机场,URC,ZUH,15:25,,2026-09-01,2026-10-24,,379
GS7689,乌鲁木齐,西安,07:40,5,666/2666,天津航空,新疆,陕西,乌鲁木齐天山国际机场,西安咸阳国际机场,URC,XIY,11:25,,2026-09-01,2026-10-24,,380
GX8811,南宁,榆林,07:40,1234567,666/2666,北部湾航空,广西,陕西,南宁吴圩国际机场,榆林榆阳机场,NNG,UYN,12:20,,2026-09-01,2026-10-24,,381
GX8811,南宁,西安,07:40,1234567,666/2666,北部湾航空,广西,陕西,南宁吴圩国际机场,西安咸阳国际机场,NNG,XIY,10:10,,2026-09-01,2026-10-24,,382
GX8859,海口,南宁,07:40,1357,666/2666,北部湾航空,海南,广西,海口美兰国际机场,南宁吴圩国际机场,HAK,NNG,08:50,,2026-09-01,2026-10-24,,383
GX8859,海口,淮安,07:40,1357,666/2666,北部湾航空,海南,江苏,海口美兰国际机场,淮安涟水国际机场,HAK,HIA,12:15,,2026-09-01,2026-10-24,,384
GX8905,济南,揭阳,07:40,246,666/2666,北部湾航空,山东,广东,济南遥墙国际机场,揭阳潮汕国际机场,TNA,SWA,12:25,,2026-09-01,2026-10-24,,385
GX8905,济南,衡阳,07:40,246,666/2666,北部湾航空,山东,湖南,济南遥墙国际机场,衡阳南岳机场,TNA,HNY,10:15,,2026-09-01,2026-10-24,,386
HU7001,海口,广州,07:40,1234567,666/2666,海南航空,海南,广东,海口美兰国际机场,广州白云国际机场,HAK,CAN,09:05,9.24始,2026-09-24,2026-10-24,,387
HU7131,广州,上海,07:40,1234567,666/2666,海南航空,广东,上海,广州白云国际机场,上海虹桥国际机场,CAN,SHA,10:10,,2026-09-01,2026-10-24,,388
HU7308,广州,三亚,07:40,1234567,666/2666,海南航空,广东,海南,广州白云国际机场,三亚凤凰国际机场,CAN,SYX,09:25,,2026-09-01,2026-10-24,,389
HU7369,海口,九江,07:40,1234567,666/2666,海南航空,海南,江西,海口美兰国际机场,九江庐山机场,HAK,JIU,09:55,,2026-09-01,2026-10-24,,390
HU7742,太原,深圳,07:40,1234567,666/2666,海南航空,山西,广东,太原武宿国际机场,深圳宝安国际机场,TYN,SZX,10:40,,2026-09-01,2026-10-24,,391
HU7769,深圳,温州,07:40,1234567,666/2666,海南航空,广东,浙江,深圳宝安国际机场,温州龙湾国际机场,SZX,WNZ,09:35,,2026-09-01,2026-10-24,,392
HU7887,乌鲁木齐,兰州,07:40,1234567,666/2666,海南航空,新疆,甘肃,乌鲁木齐天山国际机场,兰州中川国际机场,URC,LHW,10:40,,2026-09-01,2026-10-24,,393
HU7887,乌鲁木齐,杭州,07:40,1234567,666/2666,海南航空,新疆,浙江,乌鲁木齐天山国际机场,杭州萧山国际机场,URC,HGH,14:45,,2026-09-01,2026-10-24,,394
JD5025,大理,天津,07:40,1357,666/2666,首都航空,云南,天津,大理凤仪机场,天津滨海国际机场,DLU,TSN,10:55,,2026-09-01,2026-10-24,,395
JD5159,西安,青岛,07:40,1234567,666/2666,首都航空,陕西,山东,西安咸阳国际机场,青岛胶东国际机场,XIY,TAO,09:50,,2026-09-01,2026-10-24,,396
JD5639,北京,玉树,07:40,1234567,666/2666,首都航空,北京,青海,北京大兴国际机场,玉树巴塘机场,PKX,YUS,12:40,,2026-09-01,2026-10-24,,397
JD5639,北京,西宁,07:40,1234567,666/2666,首都航空,北京,青海,北京大兴国际机场,西宁曹家堡国际机场,PKX,XNN,10:20,,2026-09-01,2026-10-24,,398
JD5671,西安,恩施,07:40,246,666/2666,首都航空,陕西,湖北,西安咸阳国际机场,恩施许家坪机场,XIY,ENH,09:00,,2026-09-01,2026-10-24,,399
JD5671,西安,杭州,07:40,246,666/2666,首都航空,陕西,浙江,西安咸阳国际机场,杭州萧山国际机场,XIY,HGH,12:05,,2026-09-01,2026-10-24,,400
JD5685,北京,阿尔山,07:40,1357,666/2666,首都航空,北京,内蒙古,北京大兴国际机场,阿尔山伊尔施机场,PKX,YIE,10:00,10.12始,2026-10-12,2026-10-24,,401
JD5931,北京,长沙,07:40,12357,666/2666,首都航空,北京,湖南,北京大兴国际机场,长沙黄花国际机场,PKX,CSX,10:05,,2026-09-01,2026-10-24,,402
PN6539,重庆,宜春,07:40,1357,666/2666,西部航空,重庆,江西,重庆江北国际机场,宜春明月山机场,CKG,YIC,09:25,,2026-09-01,2026-10-24,,403
PN6539,重庆,温州,07:40,1357,666/2666,西部航空,重庆,浙江,重庆江北国际机场,温州龙湾国际机场,CKG,WNZ,11:40,,2026-09-01,2026-10-24,,404
Y87569,深圳,乌鲁木齐,07:40,4,666/2666,金鹏航空,广东,新疆,深圳宝安国际机场,乌鲁木齐天山国际机场,SZX,URC,16:00,,2026-09-01,2026-10-24,,405
Y87569,深圳,郑州,07:40,4,666/2666,金鹏航空,广东,河南,深圳宝安国际机场,郑州新郑国际机场,SZX,CGO,10:15,,2026-09-01,2026-10-24,,406
FU6632,哈尔滨,福州,07:45,1357,666/2666,福州航空,黑龙江,福建,哈尔滨太平国际机场,福州长乐国际机场,HRB,FOC,12:55,,2026-09-01,2026-10-24,,407
FU6632,哈尔滨,青岛,07:45,1357,666/2666,福州航空,黑龙江,山东,哈尔滨太平国际机场,青岛胶东国际机场,HRB,TAO,09:45,,2026-09-01,2026-10-24,,408
GS6437,大连,天津,07:45,1357,666/2666,天津航空,辽宁,天津,大连周水子国际机场,天津滨海国际机场,DLC,TSN,09:00,,2026-09-01,2026-10-24,,409
GS7441,榆林,郑州,07:45,246,666/2666,天津航空,陕西,河南,榆林榆阳机场,郑州新郑国际机场,UYN,CGO,09:10,,2026-09-01,2026-10-24,,410
GS7545,西安,三亚,07:45,1357,666/2666,天津航空,陕西,海南,西安咸阳国际机场,三亚凤凰国际机场,XIY,SYX,12:20,,2026-09-01,2026-10-24,,411
GS7545,西安,遵义,07:45,1357,666/2666,天津航空,陕西,贵州,西安咸阳国际机场,遵义新舟机场,XIY,ZYI,09:30,,2026-09-01,2026-10-24,,412
GS7625,西安,榆林,07:45,234567,666/2666,天津航空,陕西,陕西,西安咸阳国际机场,榆林榆阳机场,XIY,UYN,09:00,9.29~10.10,2026-09-29,2026-10-10,,413
GS7835,天津,乌鲁木齐,07:45,1234567,666/2666,天津航空,天津,新疆,天津滨海国际机场,乌鲁木齐天山国际机场,TSN,URC,11:50,,2026-09-01,2026-10-24,,414
GS7835,天津,和田,07:45,1234567,666/2666,天津航空,天津,新疆,天津滨海国际机场,和田昆冈机场,TSN,HTN,15:25,,2026-09-01,2026-10-24,,415
GS7919,天津,哈尔滨,07:45,1234567,666/2666,天津航空,天津,黑龙江,天津滨海国际机场,哈尔滨太平国际机场,TSN,HRB,09:50,,2026-09-01,2026-10-24,,416
HU7329,三亚,荆州,07:45,1357,666/2666,海南航空,海南,湖北,三亚凤凰国际机场,荆州沙市机场,SYX,SHS,10:15,,2026-09-01,2026-10-24,,417
HU7601,北京,上海,07:45,1234567,666/2666,海南航空,北京,上海,北京首都国际机场,上海虹桥国际机场,PEK,SHA,10:00,,2026-09-01,2026-10-24,,418
PN6433,重庆,厦门,07:45,357,666/2666,西部航空,重庆,福建,重庆江北国际机场,厦门高崎国际机场,CKG,XMN,10:15,,2026-09-01,2026-10-24,,419
8L9503,昆明,郑州,07:50,1,666/2666,祥鹏航空,云南,河南,昆明长水国际机场,郑州新郑国际机场,KMG,CGO,10:45,,2026-09-01,2026-10-24,,420
8L9883,昆明,珠海,07:50,1357,666/2666,祥鹏航空,云南,广东,昆明长水国际机场,珠海金湾机场,KMG,ZUH,09:55,,2026-09-01,2026-10-24,,421
FU6601,福州,天津,07:50,1234567,666/2666,福州航空,福建,天津,福州长乐国际机场,天津滨海国际机场,FOC,TSN,12:00,,2026-09-01,2026-10-24,,422
FU6601,福州,舟山,07:50,1234567,666/2666,福州航空,福建,浙江,福州长乐国际机场,舟山普陀山机场,FOC,HSN,09:05,,2026-09-01,2026-10-24,,423
FU6749,福州,十堰,07:50,1357,666/2666,福州航空,福建,湖北,福州长乐国际机场,十堰武当山机场,FOC,WDS,10:00,,2026-09-01,2026-10-24,,424
FU6749,福州,西宁,07:50,1357,666/2666,福州航空,福建,青海,福州长乐国际机场,西宁曹家堡国际机场,FOC,XNN,12:45,,2026-09-01,2026-10-24,,425
GS6495,榆林,扬州,07:50,246,666/2666,天津航空,陕西,江苏,榆林榆阳机场,扬州泰州国际机场,UYN,YTY,10:15,,2026-09-01,2026-10-24,,426
GS6495,榆林,温州,07:50,246,666/2666,天津航空,陕西,浙江,榆林榆阳机场,温州龙湾国际机场,UYN,WNZ,12:25,,2026-09-01,2026-10-24,,427
GS7655,西安,大连,07:50,1234567,666/2666,天津航空,陕西,辽宁,西安咸阳国际机场,大连周水子国际机场,XIY,DLC,09:55,,2026-09-01,2026-10-24,,428
HU7004,广州,海口,07:50,1234567,666/2666,海南航空,广东,海南,广州白云国际机场,海口美兰国际机场,CAN,HAK,09:25,,2026-09-01,2026-10-24,,429
HU7075,海口,福州,07:50,1,666/2666,海南航空,海南,福建,海口美兰国际机场,福州长乐国际机场,HAK,FOC,09:55,,2026-09-01,2026-10-24,,430
HU7172,重庆,海口,07:50,234567,666/2666,海南航空,重庆,海南,重庆江北国际机场,海口美兰国际机场,CKG,HAK,10:00,,2026-09-01,2026-10-24,,431
HU7262,杭州,广州,07:50,1234567,666/2666,海南航空,浙江,广东,杭州萧山国际机场,广州白云国际机场,HGH,CAN,09:55,,2026-09-01,2026-10-24,,432
HU7305,三亚,济南,07:50,1234567,666/2666,海南航空,海南,山东,三亚凤凰国际机场,济南遥墙国际机场,SYX,TNA,11:25,,2026-09-01,2026-10-24,,433
HU7393,深圳,杭州,07:50,2467,666/2666,海南航空,广东,浙江,深圳宝安国际机场,杭州萧山国际机场,SZX,HGH,09:55,,2026-09-01,2026-10-24,,434
HU7802,广州,北京,07:50,1234567,666/2666,海南航空,广东,北京,广州白云国际机场,北京首都国际机场,CAN,PEK,11:00,,2026-09-01,2026-10-24,,435
JD5269,广州,杭州,07:50,1234567,666/2666,首都航空,广东,浙江,广州白云国际机场,杭州萧山国际机场,CAN,HGH,09:45,,2026-09-01,2026-10-24,,436
JD5307,广州,银川,07:50,57,666/2666,首都航空,广东,宁夏,广州白云国际机场,银川河东国际机场,CAN,INC,10:50,,2026-09-01,2026-10-24,,437
PN6489,郑州,丽江,07:50,1357,666/2666,西部航空,河南,云南,郑州新郑国际机场,丽江三义国际机场,CGO,LJG,12:25,,2026-09-01,2026-10-24,,438
PN6489,郑州,遵义,07:50,1357,666/2666,西部航空,河南,贵州,郑州新郑国际机场,遵义茅台机场,CGO,WMT,10:05,,2026-09-01,2026-10-24,,439
UQ3512,乌鲁木齐,海口,07:50,246,666/2666,乌鲁木齐航空,新疆,海南,乌鲁木齐天山国际机场,海口美兰国际机场,URC,HAK,15:35,,2026-09-01,2026-10-24,,440
UQ3512,乌鲁木齐,阜阳,07:50,246,666/2666,乌鲁木齐航空,新疆,安徽,乌鲁木齐天山国际机场,阜阳西关机场,URC,FUG,12:05,,2026-09-01,2026-10-24,,441
UQ3577,郑州,乌鲁木齐,07:50,246,666/2666,乌鲁木齐航空,河南,新疆,郑州新郑国际机场,乌鲁木齐天山国际机场,CGO,URC,11:55,,2026-09-01,2026-10-24,,442
UQ3577,郑州,喀什,07:50,246,666/2666,乌鲁木齐航空,河南,新疆,郑州新郑国际机场,喀什徕宁国际机场,CGO,KHG,15:10,,2026-09-01,2026-10-24,,443
8L9679,成都,拉萨,07:55,1357,666/2666,祥鹏航空,四川,西藏,成都天府国际机场,拉萨贡嘎国际机场,TFU,LXA,11:00,,2026-09-01,2026-10-24,,444
FU6683,福州,兰州,07:55,246,666/2666,福州航空,福建,甘肃,福州长乐国际机场,兰州中川国际机场,FOC,LHW,13:00,9.26止,2026-09-01,2026-09-26,,445
FU6683,福州,长沙,07:55,246,666/2666,福州航空,福建,湖南,福州长乐国际机场,长沙黄花国际机场,FOC,CSX,09:30,9.19止,2026-09-01,2026-09-19,,446
GS6419,大连,南通,07:55,246,666/2666,天津航空,辽宁,江苏,大连周水子国际机场,南通兴东国际机场,DLC,NTG,10:00,,2026-09-01,2026-10-24,,447
GS6419,大连,武汉,07:55,246,666/2666,天津航空,辽宁,湖北,大连周水子国际机场,武汉天河国际机场,DLC,WUH,12:20,,2026-09-01,2026-10-24,,448
GS6581,重庆,杭州,07:55,1234567,666/2666,天津航空,重庆,浙江,重庆江北国际机场,杭州萧山国际机场,CKG,HGH,10:10,,2026-09-01,2026-10-24,,449
GS7403,石家庄,十堰,07:55,246,666/2666,天津航空,河北,湖北,石家庄正定国际机场,十堰武当山机场,SJW,WDS,09:50,,2026-09-01,2026-10-24,,450
GS7403,石家庄,揭阳,07:55,246,666/2666,天津航空,河北,广东,石家庄正定国际机场,揭阳潮汕国际机场,SJW,SWA,12:45,,2026-09-01,2026-10-24,,451
GS7617,西安,呼和浩特,07:55,246,666/2666,天津航空,陕西,内蒙古,西安咸阳国际机场,呼和浩特白塔国际机场,XIY,HET,10:00,9.29~10.10,2026-09-29,2026-10-10,,452
GS7671,西安,石家庄,07:55,246,666/2666,天津航空,陕西,河北,西安咸阳国际机场,石家庄正定国际机场,XIY,SJW,09:30,,2026-09-01,2026-10-24,,453
GS7671,西安,营口,07:55,246,666/2666,天津航空,陕西,辽宁,西安咸阳国际机场,营口兰旗机场,XIY,YKH,12:00,,2026-09-01,2026-10-24,,454
HU7031,海口,郑州,07:55,1,666/2666,海南航空,海南,河南,海口美兰国际机场,郑州新郑国际机场,HAK,CGO,11:00,9.28始,2026-09-28,2026-10-24,,455
HU7175,深圳,成都,07:55,1234567,666/2666,海南航空,广东,四川,深圳宝安国际机场,成都天府国际机场,SZX,TFU,10:25,,2026-09-01,2026-10-24,,456
HU7191,北京,厦门,07:55,1234567,666/2666,海南航空,北京,福建,北京首都国际机场,厦门高崎国际机场,PEK,XMN,11:00,,2026-09-01,2026-10-24,,457
HU7201,广州,大连,07:55,246,666/2666,海南航空,广东,辽宁,广州白云国际机场,大连周水子国际机场,CAN,DLC,13:10,,2026-09-01,2026-10-24,,458
HU7201,广州,宜春,07:55,246,666/2666,海南航空,广东,江西,广州白云国际机场,宜春明月山机场,CAN,YIC,09:35,,2026-09-01,2026-10-24,,459
HU7269,广州,郑州,07:55,1357,666/2666,海南航空,广东,河南,广州白云国际机场,郑州新郑国际机场,CAN,CGO,10:20,9.28始,2026-09-28,2026-10-24,,460
HU7291,北京,温州,07:55,1234567,666/2666,海南航空,北京,浙江,北京首都国际机场,温州龙湾国际机场,PEK,WNZ,10:45,,2026-09-01,2026-10-24,,461
HU7389,三亚,太原,07:55,1234567,666/2666,海南航空,海南,山西,三亚凤凰国际机场,太原武宿国际机场,SYX,TYN,11:20,,2026-09-01,2026-10-24,,462
HU7459,杭州,厦门,07:55,246,666/2666,海南航空,浙江,福建,杭州萧山国际机场,厦门高崎国际机场,HGH,XMN,09:35,,2026-09-01,2026-10-24,,463
HU7518,乌鲁木齐,海口,07:55,1234567,666/2666,海南航空,新疆,海南,乌鲁木齐天山国际机场,海口美兰国际机场,URC,HAK,15:30,,2026-09-01,2026-10-24,,464
HU7518,乌鲁木齐,长沙,07:55,1234567,666/2666,海南航空,新疆,湖南,乌鲁木齐天山国际机场,长沙黄花国际机场,URC,CSX,12:25,,2026-09-01,2026-10-24,,465
HU7659,大连,天津,07:55,1234567,666/2666,海南航空,辽宁,天津,大连周水子国际机场,天津滨海国际机场,DLC,TSN,09:10,,2026-09-01,2026-10-24,,466
HU7659,大连,宁波,07:55,1234567,666/2666,海南航空,辽宁,浙江,大连周水子国际机场,宁波栎社国际机场,DLC,NGB,12:20,,2026-09-01,2026-10-24,,467
JD5755,北京,重庆,07:55,1234567,666/2666,首都航空,北京,重庆,北京大兴国际机场,重庆江北国际机场,PKX,CKG,10:35,,2026-09-01,2026-10-24,,468
UQ2543,乌鲁木齐,温州,07:55,1357,666/2666,乌鲁木齐航空,新疆,浙江,乌鲁木齐天山国际机场,温州龙湾国际机场,URC,WNZ,15:00,,2026-09-01,2026-10-24,,469
UQ2543,乌鲁木齐,达州,07:55,1357,666/2666,乌鲁木齐航空,新疆,四川,乌鲁木齐天山国际机场,达州金垭机场,URC,DZH,11:50,,2026-09-01,2026-10-24,,470
UQ2565,乌鲁木齐,兰州,07:55,6,666/2666,乌鲁木齐航空,新疆,甘肃,乌鲁木齐天山国际机场,兰州中川国际机场,URC,LHW,10:45,,2026-09-01,2026-10-24,,471
UQ2565,乌鲁木齐,淮安,07:55,6,666/2666,乌鲁木齐航空,新疆,江苏,乌鲁木齐天山国际机场,淮安涟水国际机场,URC,HIA,14:05,,2026-09-01,2026-10-24,,472
GS6451,贵阳,湛江,08:00,1234567,666/2666,天津航空,贵州,广东,贵阳龙洞堡国际机场,湛江吴川机场,KWE,ZHA,09:45,,2026-09-01,2026-10-24,,473
GS6563,海口,兰州,08:00,1357,666/2666,天津航空,海南,甘肃,海口美兰国际机场,兰州中川国际机场,HAK,LHW,13:00,9.28~10.9,2026-09-28,2026-10-09,,474
GS6563,海口,遵义,08:00,1357,666/2666,天津航空,海南,贵州,海口美兰国际机场,遵义新舟机场,HAK,ZYI,10:00,9.28~10.9,2026-09-28,2026-10-09,,475
GS6609,呼和浩特,锡林浩特,08:00,1234567,666/2666,天津航空,内蒙古,内蒙古,呼和浩特白塔国际机场,锡林浩特机场,HET,XIL,09:10,,2026-09-01,2026-10-24,,476
GS6626,通辽,呼和浩特,08:00,1234567,666/2666,天津航空,内蒙古,内蒙古,通辽机场,呼和浩特白塔国际机场,TGO,HET,10:00,,2026-09-01,2026-10-24,,477
GS7737,惠州,泸州,08:00,1357,666/2666,天津航空,广东,四川,惠州平潭机场,泸州云龙机场,HUZ,LZO,10:15,9.28~10.9,2026-09-28,2026-10-09,,478
GS7815,天津,十堰,08:00,246,666/2666,天津航空,天津,湖北,天津滨海国际机场,十堰武当山机场,TSN,WDS,10:10,,2026-09-01,2026-10-24,,479
GS7815,天津,惠州,08:00,246,666/2666,天津航空,天津,广东,天津滨海国际机场,惠州平潭机场,TSN,HUZ,13:20,,2026-09-01,2026-10-24,,480
GS7877,天津,兰州,08:00,1357,666/2666,天津航空,天津,甘肃,天津滨海国际机场,兰州中川国际机场,TSN,LHW,11:55,,2026-09-01,2026-10-24,,481
GS7877,天津,庆阳,08:00,1357,666/2666,天津航空,天津,甘肃,天津滨海国际机场,庆阳西峰机场,TSN,IQN,10:05,,2026-09-01,2026-10-24,,482
GX8897,海口,蚌埠,08:00,246,666/2666,北部湾航空,海南,安徽,海口美兰国际机场,蚌埠滕湖机场,HAK,BFU,10:55,,2026-09-01,2026-10-24,,483
HU7121,海口,太原,08:00,1234567,666/2666,海南航空,海南,山西,海口美兰国际机场,太原武宿国际机场,HAK,TYN,10:50,,2026-09-01,2026-10-24,,484
HU7147,北京,成都,08:00,1234567,666/2666,海南航空,北京,四川,北京首都国际机场,成都天府国际机场,PEK,TFU,10:55,,2026-09-01,2026-10-24,,485
HU7167,北京,重庆,08:00,1234567,666/2666,海南航空,北京,重庆,北京首都国际机场,重庆江北国际机场,PEK,CKG,10:55,,2026-09-01,2026-10-24,,486
HU7181,海口,北京,08:00,1234567,666/2666,海南航空,海南,北京,海口美兰国际机场,北京首都国际机场,HAK,PEK,11:45,,2026-09-01,2026-10-24,,487
HU7218,长沙,海口,08:00,1234567,666/2666,海南航空,湖南,海南,长沙黄花国际机场,海口美兰国际机场,CSX,HAK,10:10,,2026-09-01,2026-10-24,,488
HU7277,北京,杭州,08:00,1234567,666/2666,海南航空,北京,浙江,北京首都国际机场,杭州萧山国际机场,PEK,HGH,10:15,,2026-09-01,2026-10-24,,489
HU7332,上海,广州,08:00,1234567,666/2666,海南航空,上海,广东,上海浦东国际机场,广州白云国际机场,PVG,CAN,10:40,,2026-09-01,2026-10-24,,490
HU7354,长沙,三亚,08:00,1234567,666/2666,海南航空,湖南,海南,长沙黄花国际机场,三亚凤凰国际机场,CSX,SYX,10:15,,2026-09-01,2026-10-24,,491
HU7382,北京,海口,08:00,1234567,666/2666,海南航空,北京,海南,北京首都国际机场,海口美兰国际机场,PEK,HAK,11:45,,2026-09-01,2026-10-24,,492
HU7698,太原,三亚,08:00,1234567,666/2666,海南航空,山西,海南,太原武宿国际机场,三亚凤凰国际机场,TYN,SYX,14:30,,2026-09-01,2026-10-24,,493
HU7698,太原,南京,08:00,1234567,666/2666,海南航空,山西,江苏,太原武宿国际机场,南京禄口国际机场,TYN,NKG,10:10,,2026-09-01,2026-10-24,,494
HU7855,乌鲁木齐,南京,08:00,1234567,666/2666,海南航空,新疆,江苏,乌鲁木齐天山国际机场,南京禄口国际机场,URC,NKG,14:55,10.8止,2026-09-01,2026-10-08,,495
HU7855,乌鲁木齐,呼和浩特,08:00,1234567,666/2666,海南航空,新疆,内蒙古,乌鲁木齐天山国际机场,呼和浩特白塔国际机场,URC,HET,11:15,10.8止,2026-09-01,2026-10-08,,496
JD5075,大理,厦门,08:00,246,666/2666,首都航空,云南,福建,大理凤仪机场,厦门高崎国际机场,DLU,XMN,10:50,,2026-09-01,2026-10-24,,497
JD5153,北京,大理,08:00,7,666/2666,首都航空,北京,云南,北京大兴国际机场,大理凤仪机场,PKX,DLU,11:50,仅10.11,,,2026-10-11,498
JD5707,北京,呼伦贝尔,08:00,1234567,666/2666,首都航空,北京,内蒙古,北京大兴国际机场,呼伦贝尔海拉尔东山国际机场,PKX,HLD,10:10,,2026-09-01,2026-10-24,,499
JD5763,海口,临沂,08:00,6,666/2666,首都航空,海南,山东,海口美兰国际机场,临沂启阳机场,HAK,LYI,12:20,9.26止,2026-09-01,2026-09-26,,500
JD5763,海口,桂林,08:00,6,666/2666,首都航空,海南,广西,海口美兰国际机场,桂林两江国际机场,HAK,KWL,09:20,9.26止,2026-09-01,2026-09-26,,501
JD5859,丽江,武汉,08:00,1234567,666/2666,首都航空,云南,湖北,丽江三义国际机场,武汉天河国际机场,LJG,WUH,10:30,,2026-09-01,2026-10-24,,502
JD5859,丽江,烟台,08:00,1234567,666/2666,首都航空,云南,山东,丽江三义国际机场,烟台蓬莱国际机场,LJG,YNT,13:30,,2026-09-01,2026-10-24,,503
PN6269,重庆,乌鲁木齐,08:00,246,666/2666,西部航空,重庆,新疆,重庆江北国际机场,乌鲁木齐天山国际机场,CKG,URC,11:50,,2026-09-01,2026-10-24,,504
PN6345,重庆,西双版纳,08:00,246,666/2666,西部航空,重庆,云南,重庆江北国际机场,西双版纳嘎洒国际机场,CKG,JHG,09:55,,2026-09-01,2026-10-24,,505
PN6403,重庆,西双版纳,08:00,1357,666/2666,西部航空,重庆,云南,重庆江北国际机场,西双版纳嘎洒国际机场,CKG,JHG,09:55,,2026-09-01,2026-10-24,,506
8L9883,昆明,珠海,08:05,246,2666,祥鹏航空,云南,广东,昆明长水国际机场,珠海金湾机场,KMG,ZUH,10:00,,2026-09-01,2026-10-24,,507
FU6551,福州,郑州,08:05,1234567,2666,福州航空,福建,河南,福州长乐国际机场,郑州新郑国际机场,FOC,CGO,10:20,,2026-09-01,2026-10-24,,508
FU6551,福州,阿克苏,08:05,1234567,2666,福州航空,福建,新疆,福州长乐国际机场,阿克苏红旗坡机场,FOC,AKU,16:10,,2026-09-01,2026-10-24,,509
GS6513,榆林,重庆,08:05,1357,2666,天津航空,陕西,重庆,榆林榆阳机场,重庆江北国际机场,UYN,CKG,09:55,,2026-09-01,2026-10-24,,510
GS7523,乌鲁木齐,烟台,08:05,246,2666,天津航空,新疆,山东,乌鲁木齐天山国际机场,烟台蓬莱国际机场,URC,YNT,14:45,,2026-09-01,2026-10-24,,511
GS7523,乌鲁木齐,西安,08:05,246,2666,天津航空,新疆,陕西,乌鲁木齐天山国际机场,西安咸阳国际机场,URC,XIY,11:25,,2026-09-01,2026-10-24,,512
GS7689,乌鲁木齐,珠海,08:05,137,2666,天津航空,新疆,广东,乌鲁木齐天山国际机场,珠海金湾机场,URC,ZUH,15:25,,2026-09-01,2026-10-24,,513
GS7689,乌鲁木齐,西安,08:05,137,2666,天津航空,新疆,陕西,乌鲁木齐天山国际机场,西安咸阳国际机场,URC,XIY,11:25,,2026-09-01,2026-10-24,,514
GS7881,天津,上海,08:05,1357,2666,天津航空,天津,上海,天津滨海国际机场,上海浦东国际机场,TSN,PVG,10:20,,2026-09-01,2026-10-24,,515
HU6219,杭州,乌鲁木齐,08:05,1234567,2666,海南航空,浙江,新疆,杭州萧山国际机场,乌鲁木齐天山国际机场,HGH,URC,12:55,10.8止,2026-09-01,2026-10-08,,516
HU7445,杭州,乌鲁木齐,08:05,1234567,2666,海南航空,浙江,新疆,杭州萧山国际机场,乌鲁木齐天山国际机场,HGH,URC,15:00,10.9始,2026-10-09,2026-10-24,,517
HU7445,杭州,太原,08:05,1234567,2666,海南航空,浙江,山西,杭州萧山国际机场,太原武宿国际机场,HGH,TYN,10:20,10.9始,2026-10-09,2026-10-24,,518
HU7511,西安,珠海,08:05,1234567,2666,海南航空,陕西,广东,西安咸阳国际机场,珠海金湾机场,XIY,ZUH,10:50,9.28~10.10,2026-09-28,2026-10-10,,519
HU7519,西安,贵阳,08:05,1234567,2666,海南航空,陕西,贵州,西安咸阳国际机场,贵阳龙洞堡国际机场,XIY,KWE,10:00,,2026-09-01,2026-10-24,,520
PN6337,郑州,南充,08:05,246,2666,西部航空,河南,四川,郑州新郑国际机场,南充高坪机场,CGO,NAO,09:50,,2026-09-01,2026-10-24,,521
PN6337,郑州,大理,08:05,246,2666,西部航空,河南,云南,郑州新郑国际机场,大理凤仪机场,CGO,DLU,12:35,,2026-09-01,2026-10-24,,522
UQ3549,郑州,湛江,08:05,246,2666,乌鲁木齐航空,河南,广东,郑州新郑国际机场,湛江吴川机场,CGO,ZHA,11:00,,2026-09-01,2026-10-24,,523
Y87503,上海,青岛,08:05,246,2666,金鹏航空,上海,山东,上海浦东国际机场,青岛胶东国际机场,PVG,TAO,09:35,,2026-09-01,2026-10-24,,524
Y87513,上海,重庆,08:05,357,2666,金鹏航空,上海,重庆,上海浦东国际机场,重庆江北国际机场,PVG,CKG,11:00,,2026-09-01,2026-10-24,,525
Y87597,上海,呼和浩特,08:05,246,2666,金鹏航空,上海,内蒙古,上海浦东国际机场,呼和浩特白塔国际机场,PVG,HET,10:55,,2026-09-01,2026-10-24,,526
8L9879,昆明,福州,08:10,1234567,2666,祥鹏航空,云南,福建,昆明长水国际机场,福州长乐国际机场,KMG,FOC,11:05,,2026-09-01,2026-10-24,,527
FU6593,厦门,乌鲁木齐,08:10,1234567,2666,福州航空,福建,新疆,厦门高崎国际机场,乌鲁木齐天山国际机场,XMN,URC,15:30,,2026-09-01,2026-10-24,,528
FU6593,厦门,长沙,08:10,1234567,2666,福州航空,福建,湖南,厦门高崎国际机场,长沙黄花国际机场,XMN,CSX,09:55,,2026-09-01,2026-10-24,,529
FU6683,福州,兰州,08:10,246,2666,福州航空,福建,甘肃,福州长乐国际机场,兰州中川国际机场,FOC,LHW,13:30,9.29始,2026-09-29,2026-10-24,,530
FU6683,福州,长沙,08:10,246,2666,福州航空,福建,湖南,福州长乐国际机场,长沙黄花国际机场,FOC,CSX,09:45,9.29始,2026-09-29,2026-10-24,,531
GS6429,大连,上海,08:10,246,2666,天津航空,辽宁,上海,大连周水子国际机场,上海浦东国际机场,DLC,PVG,12:05,,2026-09-01,2026-10-24,,532
GS6429,大连,威海,08:10,246,2666,天津航空,辽宁,山东,大连周水子国际机场,威海大水泊国际机场,DLC,WEH,09:10,,2026-09-01,2026-10-24,,533
GS6565,海口,梅州,08:10,246,2666,天津航空,海南,广东,海口美兰国际机场,梅州梅县机场,HAK,MXZ,09:45,9.29~10.10,2026-09-29,2026-10-10,,534
GS6565,海口,温州,08:10,246,2666,天津航空,海南,浙江,海口美兰国际机场,温州龙湾国际机场,HAK,WNZ,12:00,9.29~10.10,2026-09-29,2026-10-10,,535
GS7603,西安,岳阳,08:10,246,2666,天津航空,陕西,湖南,西安咸阳国际机场,岳阳三荷机场,XIY,YYA,10:00,,2026-09-01,2026-10-24,,536
GS7603,西安,海口,08:10,246,2666,天津航空,陕西,海南,西安咸阳国际机场,海口美兰国际机场,XIY,HAK,12:55,,2026-09-01,2026-10-24,,537
GS7613,西安,泉州,08:10,1357,2666,天津航空,陕西,福建,西安咸阳国际机场,泉州晋江国际机场,XIY,JJN,12:45,9.28~10.7,2026-09-28,2026-10-07,,538
GS7613,西安,湘西,08:10,1357,2666,天津航空,陕西,湖南,西安咸阳国际机场,湘西边城机场,XIY,DXJ,10:05,9.28~10.9,2026-09-28,2026-10-09,,539
GS7715,惠州,成都,08:10,246,2666,天津航空,广东,四川,惠州平潭机场,成都天府国际机场,HUZ,TFU,12:20,,2026-09-01,2026-10-24,,540
GS7715,惠州,湘西,08:10,246,2666,天津航空,广东,湖南,惠州平潭机场,湘西边城机场,HUZ,DXJ,10:05,,2026-09-01,2026-10-24,,541
GX7889,南宁,徐州,08:10,4,2666,北部湾航空,广西,江苏,南宁吴圩国际机场,徐州观音国际机场,NNG,XUZ,12:30,,2026-09-01,2026-10-24,,542
GX7889,南宁,长沙,08:10,4,2666,北部湾航空,广西,湖南,南宁吴圩国际机场,长沙黄花国际机场,NNG,CSX,09:50,,2026-09-01,2026-10-24,,543
GX8837,长沙,徐州,08:10,1234567,2666,北部湾航空,湖南,江苏,长沙黄花国际机场,徐州观音国际机场,CSX,XUZ,09:50,,2026-09-01,2026-10-24,,544
GX8969,海口,珠海,08:10,1357,2666,北部湾航空,海南,广东,海口美兰国际机场,珠海金湾机场,HAK,ZUH,09:05,,2026-09-01,2026-10-24,,545
GX8969,海口,连云港,08:10,1357,2666,北部湾航空,海南,江苏,海口美兰国际机场,连云港花果山机场,HAK,LYG,12:35,,2026-09-01,2026-10-24,,546
HU7075,海口,福州,08:10,234567,2666,海南航空,海南,福建,海口美兰国际机场,福州长乐国际机场,HAK,FOC,09:55,,2026-09-01,2026-10-24,,547
HU7573,西安,青岛,08:10,1234567,2666,海南航空,陕西,山东,西安咸阳国际机场,青岛胶东国际机场,XIY,TAO,10:20,,2026-09-01,2026-10-24,,548
JD5132,丽江,广州,08:10,1234567,2666,首都航空,云南,广东,丽江三义国际机场,广州白云国际机场,LJG,CAN,10:30,,2026-09-01,2026-10-24,,549
JD5241,西安,大理,08:10,1234567,2666,首都航空,陕西,云南,西安咸阳国际机场,大理凤仪机场,XIY,DLU,10:45,,2026-09-01,2026-10-24,,550
JD5569,三亚,合肥,08:10,1234567,2666,首都航空,海南,安徽,三亚凤凰国际机场,合肥新桥国际机场,SYX,HFE,10:55,,2026-09-01,2026-10-24,,551
JD5569,三亚,呼和浩特,08:10,1234567,2666,首都航空,海南,内蒙古,三亚凤凰国际机场,呼和浩特白塔国际机场,SYX,HET,13:40,,2026-09-01,2026-10-24,,552
JD5639,北京,玉树,08:10,1357,2666,首都航空,北京,青海,北京大兴国际机场,玉树巴塘机场,PKX,YUS,12:55,9.30止,2026-09-01,2026-09-30,,553
JD5639,北京,西宁,08:10,1357,2666,首都航空,北京,青海,北京大兴国际机场,西宁曹家堡国际机场,PKX,XNN,10:50,9.30止,2026-09-01,2026-09-30,,554
JD5645,丽江,郑州,08:10,1234567,2666,首都航空,云南,河南,丽江三义国际机场,郑州新郑国际机场,LJG,CGO,10:50,,2026-09-01,2026-10-24,,555
JD5943,三亚,成都,08:10,1234567,2666,首都航空,海南,四川,三亚凤凰国际机场,成都天府国际机场,SYX,TFU,10:25,,2026-09-01,2026-10-24,,556
Y87507,上海,哈尔滨,08:10,1357,2666,金鹏航空,上海,黑龙江,上海浦东国际机场,哈尔滨太平国际机场,PVG,HRB,10:45,10.9止,2026-09-01,2026-10-09,,557
Y87545,上海,柳州,08:10,1357,2666,金鹏航空,上海,广西,上海浦东国际机场,柳州白莲机场,PVG,LZH,10:55,,2026-09-01,2026-10-24,,558
8L9555,昆明,哈尔滨,08:15,1357,2666,祥鹏航空,云南,黑龙江,昆明长水国际机场,哈尔滨太平国际机场,KMG,HRB,14:25,,2026-09-01,2026-10-24,,559
8L9555,昆明,石家庄,08:15,1357,2666,祥鹏航空,云南,河北,昆明长水国际机场,石家庄正定国际机场,KMG,SJW,11:20,,2026-09-01,2026-10-24,,560
FU6511,福州,贵阳,08:15,246,2666,福州航空,福建,贵州,福州长乐国际机场,贵阳龙洞堡国际机场,FOC,KWE,10:50,,2026-09-01,2026-10-24,,561
FU6597,哈尔滨,三亚,08:15,15,2666,福州航空,黑龙江,海南,哈尔滨太平国际机场,三亚凤凰国际机场,HRB,SYX,15:30,,2026-09-01,2026-10-24,,562
FU6597,哈尔滨,长沙,08:15,15,2666,福州航空,黑龙江,湖南,哈尔滨太平国际机场,长沙黄花国际机场,HRB,CSX,12:15,,2026-09-01,2026-10-24,,563
GS6473,贵阳,宜昌,08:15,246,2666,天津航空,贵州,湖北,贵阳龙洞堡国际机场,宜昌三峡机场,KWE,YIH,09:45,,2026-09-01,2026-10-24,,564
GS6473,贵阳,扬州,08:15,246,2666,天津航空,贵州,江苏,贵阳龙洞堡国际机场,扬州泰州国际机场,KWE,YTY,12:20,,2026-09-01,2026-10-24,,565
GS7519,乌鲁木齐,杭州,08:15,4,2666,天津航空,新疆,浙江,乌鲁木齐天山国际机场,杭州萧山国际机场,URC,HGH,14:50,,2026-09-01,2026-10-24,,566
GS7519,乌鲁木齐,金昌,08:15,4,2666,天津航空,新疆,甘肃,乌鲁木齐天山国际机场,金昌金川机场,URC,JIC,10:55,,2026-09-01,2026-10-24,,567
GS7883,天津,上海,08:15,246,2666,天津航空,天津,上海,天津滨海国际机场,上海虹桥国际机场,TSN,SHA,10:15,,2026-09-01,2026-10-24,,568
GX2025,长沙,济宁,08:15,1357,2666,北部湾航空,湖南,山东,长沙黄花国际机场,济宁大安机场,CSX,JNG,10:00,,2026-09-01,2026-10-24,,569
GX2025,长沙,鄂尔多斯,08:15,1357,2666,北部湾航空,湖南,内蒙古,长沙黄花国际机场,鄂尔多斯伊金霍洛国际机场,CSX,DSN,12:40,,2026-09-01,2026-10-24,,570
GX8853,南宁,成都,08:15,1357,2666,北部湾航空,广西,四川,南宁吴圩国际机场,成都天府国际机场,NNG,TFU,10:00,,2026-09-01,2026-10-24,,571
GX8853,南宁,嘉峪关,08:15,1357,2666,北部湾航空,广西,甘肃,南宁吴圩国际机场,嘉峪关酒泉机场,NNG,JGN,13:35,,2026-09-01,2026-10-24,,572
GX8865,南宁,成都,08:15,246,2666,北部湾航空,广西,四川,南宁吴圩国际机场,成都天府国际机场,NNG,TFU,10:00,,2026-09-01,2026-10-24,,573
HU7017,海口,珠海,08:15,1234567,2666,海南航空,海南,广东,海口美兰国际机场,珠海金湾机场,HAK,ZUH,09:15,,2026-09-01,2026-10-24,,574
HU7031,海口,郑州,08:15,234567,2666,海南航空,海南,河南,海口美兰国际机场,郑州新郑国际机场,HAK,CGO,11:00,9.24始,2026-09-24,2026-10-24,,575
HU7165,海口,西安,08:15,1234567,2666,海南航空,海南,陕西,海口美兰国际机场,西安咸阳国际机场,HAK,XIY,11:10,,2026-09-01,2026-10-24,,576
HU7303,三亚,成都,08:15,1234567,2666,海南航空,海南,四川,三亚凤凰国际机场,成都天府国际机场,SYX,TFU,11:05,,2026-09-01,2026-10-24,,577
HU7791,长沙,南京,08:15,1234567,2666,海南航空,湖南,江苏,长沙黄花国际机场,南京禄口国际机场,CSX,NKG,10:00,,2026-09-01,2026-10-24,,578
HU7855,乌鲁木齐,南京,08:15,1234567,2666,海南航空,新疆,江苏,乌鲁木齐天山国际机场,南京禄口国际机场,URC,NKG,14:55,10.9始,2026-10-09,2026-10-24,,579
HU7855,乌鲁木齐,呼和浩特,08:15,1234567,2666,海南航空,新疆,内蒙古,乌鲁木齐天山国际机场,呼和浩特白塔国际机场,URC,HET,11:35,10.9始,2026-10-09,2026-10-24,,580
JD5271,三亚,哈尔滨,08:15,1357,2666,首都航空,海南,黑龙江,三亚凤凰国际机场,哈尔滨太平国际机场,SYX,HRB,14:25,,2026-09-01,2026-10-24,,581
JD5271,三亚,安阳,08:15,1357,2666,首都航空,海南,河南,三亚凤凰国际机场,安阳红旗渠机场,SYX,HQQ,11:20,,2026-09-01,2026-10-24,,582
UQ2523,乌鲁木齐,洛阳,08:15,1357,2666,乌鲁木齐航空,新疆,河南,乌鲁木齐天山国际机场,洛阳北郊机场,URC,LYA,12:00,,2026-09-01,2026-10-24,,583
UQ2523,乌鲁木齐,福州,08:15,1357,2666,乌鲁木齐航空,新疆,福建,乌鲁木齐天山国际机场,福州长乐国际机场,URC,FOC,15:20,,2026-09-01,2026-10-24,,584
UQ2555,乌鲁木齐,成都,08:15,246,2666,乌鲁木齐航空,新疆,四川,乌鲁木齐天山国际机场,成都天府国际机场,URC,TFU,11:50,,2026-09-01,2026-10-24,,585
UQ2565,乌鲁木齐,兰州,08:15,24,2666,乌鲁木齐航空,新疆,甘肃,乌鲁木齐天山国际机场,兰州中川国际机场,URC,LHW,10:45,,2026-09-01,2026-10-24,,586
UQ2565,乌鲁木齐,淮安,08:15,24,2666,乌鲁木齐航空,新疆,江苏,乌鲁木齐天山国际机场,淮安涟水国际机场,URC,HIA,14:05,,2026-09-01,2026-10-24,,587
8L9503,昆明,郑州,08:20,234567,2666,祥鹏航空,云南,河南,昆明长水国际机场,郑州新郑国际机场,KMG,CGO,10:55,,2026-09-01,2026-10-24,,588
GS6697,呼伦贝尔,天津,08:20,1234567,2666,天津航空,内蒙古,天津,呼伦贝尔海拉尔东山国际机场,天津滨海国际机场,HLD,TSN,10:40,,2026-09-01,2026-10-24,,589
GS6697,呼伦贝尔,广州,08:20,1234567,2666,天津航空,内蒙古,广东,呼伦贝尔海拉尔东山国际机场,广州白云国际机场,HLD,CAN,14:40,,2026-09-01,2026-10-24,,590
GS7677,西安,厦门,08:20,246,2666,天津航空,陕西,福建,西安咸阳国际机场,厦门高崎国际机场,XIY,XMN,13:00,,2026-09-01,2026-10-24,,591
GS7677,西安,遵义,08:20,246,2666,天津航空,陕西,贵州,西安咸阳国际机场,遵义新舟机场,XIY,ZYI,10:00,,2026-09-01,2026-10-24,,592
GS7679,西安,厦门,08:20,1357,2666,天津航空,陕西,福建,西安咸阳国际机场,厦门高崎国际机场,XIY,XMN,13:00,,2026-09-01,2026-10-24,,593
GS7679,西安,池州,08:20,1357,2666,天津航空,陕西,安徽,西安咸阳国际机场,池州九华山机场,XIY,JUH,10:15,,2026-09-01,2026-10-24,,594
GS7797,天津,锡林浩特,08:20,1357,2666,天津航空,天津,内蒙古,天津滨海国际机场,锡林浩特机场,TSN,XIL,09:45,,2026-09-01,2026-10-24,,595
GS7855,天津,昆明,08:20,1234567,2666,天津航空,天津,云南,天津滨海国际机场,昆明长水国际机场,TSN,KMG,12:00,,2026-09-01,2026-10-24,,596
GX7871,济南,西宁,08:20,246,2666,北部湾航空,山东,青海,济南遥墙国际机场,西宁曹家堡国际机场,TNA,XNN,10:50,,2026-09-01,2026-10-24,,597
HU6221,上海,乌鲁木齐,08:20,1234567,2666,海南航空,上海,新疆,上海虹桥国际机场,乌鲁木齐天山国际机场,SHA,URC,13:25,10.8止,2026-09-01,2026-10-08,,598
HU7051,海口,杭州,08:20,1234567,2666,海南航空,海南,浙江,海口美兰国际机场,杭州萧山国际机场,HAK,HGH,11:00,,2026-09-01,2026-10-24,,599
HU7122,太原,海口,08:20,1234567,2666,海南航空,山西,海南,太原武宿国际机场,海口美兰国际机场,TYN,HAK,11:30,,2026-09-01,2026-10-24,,600
HU7325,三亚,武汉,08:20,1234567,2666,海南航空,海南,湖北,三亚凤凰国际机场,武汉天河国际机场,SYX,WUH,11:00,,2026-09-01,2026-10-24,,601
HU7602,上海,北京,08:20,1234567,2666,海南航空,上海,北京,上海虹桥国际机场,北京首都国际机场,SHA,PEK,10:40,10.9始,2026-10-09,2026-10-24,,602
HU7861,西安,杭州,08:20,1234567,2666,海南航空,陕西,浙江,西安咸阳国际机场,杭州萧山国际机场,XIY,HGH,10:50,,2026-09-01,2026-10-24,,603
JD5307,广州,银川,08:20,123467,2666,首都航空,广东,宁夏,广州白云国际机场,银川河东国际机场,CAN,INC,11:20,,2026-09-01,2026-10-24,,604
JD5895,海口,长春,08:20,1357,2666,首都航空,海南,吉林,海口美兰国际机场,长春龙嘉国际机场,HAK,CGQ,14:45,,2026-09-01,2026-10-24,,605
JD5895,海口,青岛,08:20,1357,2666,首都航空,海南,山东,海口美兰国际机场,青岛胶东国际机场,HAK,TAO,12:05,,2026-09-01,2026-10-24,,606
UQ2525,乌鲁木齐,兰州,08:20,1357,2666,乌鲁木齐航空,新疆,甘肃,乌鲁木齐天山国际机场,兰州中川国际机场,URC,LHW,10:55,,2026-09-01,2026-10-24,,607
UQ2525,乌鲁木齐,南通,08:20,1357,2666,乌鲁木齐航空,新疆,江苏,乌鲁木齐天山国际机场,南通兴东国际机场,URC,NTG,14:30,,2026-09-01,2026-10-24,,608
Y87505,上海,桂林,08:20,246,2666,金鹏航空,上海,广西,上海浦东国际机场,桂林两江国际机场,PVG,KWL,10:55,10.13始,2026-10-13,2026-10-24,,609
8L9945,昆明,成都,08:25,246,2666,祥鹏航空,云南,四川,昆明长水国际机场,成都天府国际机场,KMG,TFU,09:55,,2026-09-01,2026-10-24,,610
9H8331,西安,惠州,08:25,1234567,2666,长安航空,陕西,广东,西安咸阳国际机场,惠州平潭机场,XIY,HUZ,11:30,,2026-09-01,2026-10-24,,611
GS6585,重庆,天津,08:25,246,2666,天津航空,重庆,天津,重庆江北国际机场,天津滨海国际机场,CKG,TSN,11:00,,2026-09-01,2026-10-24,,612
GS6585,重庆,延吉,08:25,246,2666,天津航空,重庆,吉林,重庆江北国际机场,延吉朝阳川国际机场,CKG,YNJ,14:05,,2026-09-01,2026-10-24,,613
GS6601,重庆,延吉,08:25,1357,2666,天津航空,重庆,吉林,重庆江北国际机场,延吉朝阳川国际机场,CKG,YNJ,13:50,,2026-09-01,2026-10-24,,614
GS6601,重庆,石家庄,08:25,1357,2666,天津航空,重庆,河北,重庆江北国际机场,石家庄正定国际机场,CKG,SJW,10:35,,2026-09-01,2026-10-24,,615
GS7439,榆林,南通,08:25,1357,2666,天津航空,陕西,江苏,榆林榆阳机场,南通兴东国际机场,UYN,NTG,12:50,,2026-09-01,2026-10-24,,616
GS7439,榆林,汉中,08:25,1357,2666,天津航空,陕西,陕西,榆林榆阳机场,汉中城固机场,UYN,HZG,10:00,,2026-09-01,2026-10-24,,617
GX8839,海口,上饶,08:25,246,2666,北部湾航空,海南,江西,海口美兰国际机场,上饶三清山机场,HAK,SQD,10:30,,2026-09-01,2026-10-24,,618
HU7189,北京,贵阳,08:25,1234567,2666,海南航空,北京,贵州,北京首都国际机场,贵阳龙洞堡国际机场,PEK,KWE,12:05,,2026-09-01,2026-10-24,,619
HU7478,杭州,北京,08:25,1234567,2666,海南航空,浙江,北京,杭州萧山国际机场,北京首都国际机场,HGH,PEK,10:40,,2026-09-01,2026-10-24,,620
JD5617,三亚,沈阳,08:25,1234567,2666,首都航空,海南,辽宁,三亚凤凰国际机场,沈阳桃仙国际机场,SYX,SHE,15:10,,2026-09-01,2026-10-24,,621
JD5617,三亚,福州,08:25,1234567,2666,首都航空,海南,福建,三亚凤凰国际机场,福州长乐国际机场,SYX,FOC,10:55,,2026-09-01,2026-10-24,,622
JD5767,三亚,长沙,08:25,1234567,2666,首都航空,海南,湖南,三亚凤凰国际机场,长沙黄花国际机场,SYX,CSX,10:35,,2026-09-01,2026-10-24,,623
8L9679,成都,拉萨,08:30,246,2666,祥鹏航空,四川,西藏,成都天府国际机场,拉萨贡嘎国际机场,TFU,LXA,11:10,,2026-09-01,2026-10-24,,624
FU6701,厦门,贵阳,08:30,1357,2666,福州航空,福建,贵州,厦门高崎国际机场,贵阳龙洞堡国际机场,XMN,KWE,10:50,,2026-09-01,2026-10-24,,625
FU6713,厦门,呼伦贝尔,08:30,1234567,2666,福州航空,福建,内蒙古,厦门高崎国际机场,呼伦贝尔海拉尔东山国际机场,XMN,HLD,15:05,,2026-09-01,2026-10-24,,626
FU6713,厦门,呼和浩特,08:30,1234567,2666,福州航空,福建,内蒙古,厦门高崎国际机场,呼和浩特白塔国际机场,XMN,HET,11:40,,2026-09-01,2026-10-24,,627
FU6719,福州,呼伦贝尔,08:30,246,2666,福州航空,福建,内蒙古,福州长乐国际机场,呼伦贝尔海拉尔东山国际机场,FOC,HLD,14:30,,2026-09-01,2026-10-24,,628
FU6719,福州,长春,08:30,246,2666,福州航空,福建,吉林,福州长乐国际机场,长春龙嘉国际机场,FOC,CGQ,11:50,,2026-09-01,2026-10-24,,629
GS7517,乌鲁木齐,万州,08:30,1357,2666,天津航空,新疆,重庆,乌鲁木齐天山国际机场,万州五桥机场,URC,WXN,11:55,,2026-09-01,2026-10-24,,630
GS7517,乌鲁木齐,杭州,08:30,1357,2666,天津航空,新疆,浙江,乌鲁木齐天山国际机场,杭州萧山国际机场,URC,HGH,14:50,,2026-09-01,2026-10-24,,631
GS7529,乌鲁木齐,三亚,08:30,246,2666,天津航空,新疆,海南,乌鲁木齐天山国际机场,三亚凤凰国际机场,URC,SYX,15:55,9.29始,2026-09-29,2026-10-24,,632
GS7529,乌鲁木齐,十堰,08:30,246,2666,天津航空,新疆,湖北,乌鲁木齐天山国际机场,十堰武当山机场,URC,WDS,12:20,9.29始,2026-09-29,2026-10-24,,633
GS7531,乌鲁木齐,三亚,08:30,1357,2666,天津航空,新疆,海南,乌鲁木齐天山国际机场,三亚凤凰国际机场,URC,SYX,15:55,9.28始,2026-09-28,2026-10-24,,634
GS7531,乌鲁木齐,襄阳,08:30,1357,2666,天津航空,新疆,湖北,乌鲁木齐天山国际机场,襄阳刘集机场,URC,XFN,12:35,9.28始,2026-09-28,2026-10-24,,635
GS7705,惠州,万州,08:30,246,2666,天津航空,广东,重庆,惠州平潭机场,万州五桥机场,HUZ,WXN,10:35,,2026-09-01,2026-10-24,,636
GS7821,天津,大连,08:30,123467,2666,天津航空,天津,辽宁,天津滨海国际机场,大连周水子国际机场,TSN,DLC,09:30,,2026-09-01,2026-10-24,,637
GX7895,南宁,舟山,08:30,1357,2666,北部湾航空,广西,浙江,南宁吴圩国际机场,舟山普陀山机场,NNG,HSN,12:50,,2026-09-01,2026-10-24,,638
GX7895,南宁,长沙,08:30,1357,2666,北部湾航空,广西,湖南,南宁吴圩国际机场,长沙黄花国际机场,NNG,CSX,10:10,,2026-09-01,2026-10-24,,639
GX8813,南宁,哈尔滨,08:30,1357,2666,北部湾航空,广西,黑龙江,南宁吴圩国际机场,哈尔滨太平国际机场,NNG,HRB,15:10,,2026-09-01,2026-10-24,,640
GX8813,南宁,天津,08:30,1357,2666,北部湾航空,广西,天津,南宁吴圩国际机场,天津滨海国际机场,NNG,TSN,12:00,,2026-09-01,2026-10-24,,641
GX8819,海口,洛阳,08:30,246,2666,北部湾航空,海南,河南,海口美兰国际机场,洛阳北郊机场,HAK,LYA,12:35,,2026-09-01,2026-10-24,,642
GX8819,海口,珠海,08:30,246,2666,北部湾航空,海南,广东,海口美兰国际机场,珠海金湾机场,HAK,ZUH,09:20,,2026-09-01,2026-10-24,,643
GX8851,海口,榆林,08:30,1357,2666,北部湾航空,海南,陕西,海口美兰国际机场,榆林榆阳机场,HAK,UYN,11:35,9.20止,2026-09-01,2026-09-20,,644
GX8851,海口,西宁,08:30,1357,2666,北部湾航空,海南,青海,海口美兰国际机场,西宁曹家堡国际机场,HAK,XNN,13:55,9.20止,2026-09-01,2026-09-20,,645
GX8973,海口,榆林,08:30,1357,2666,北部湾航空,海南,陕西,海口美兰国际机场,榆林榆阳机场,HAK,UYN,11:35,9.21始,2026-09-21,2026-10-24,,646
HU7079,北京,三亚,08:30,1234567,2666,海南航空,北京,海南,北京首都国际机场,三亚凤凰国际机场,PEK,SYX,12:40,,2026-09-01,2026-10-24,,647
HU7148,成都,北京,08:30,1234567,2666,海南航空,四川,北京,成都天府国际机场,北京首都国际机场,TFU,PEK,11:15,,2026-09-01,2026-10-24,,648
HU7151,广州,成都,08:30,1234567,2666,海南航空,广东,四川,广州白云国际机场,成都天府国际机场,CAN,TFU,10:45,,2026-09-01,2026-10-24,,649
HU7187,北京,武汉,08:30,1234567,2666,海南航空,北京,湖北,北京首都国际机场,武汉天河国际机场,PEK,WUH,11:05,,2026-09-01,2026-10-24,,650
HU7302,成都,三亚,08:30,1234567,2666,海南航空,四川,海南,成都天府国际机场,三亚凤凰国际机场,TFU,SYX,11:00,,2026-09-01,2026-10-24,,651
HU7311,三亚,南昌,08:30,1234567,2666,海南航空,海南,江西,三亚凤凰国际机场,南昌昌北国际机场,SYX,KHN,11:05,,2026-09-01,2026-10-24,,652
HU7311,三亚,呼和浩特,08:30,1234567,2666,海南航空,海南,内蒙古,三亚凤凰国际机场,呼和浩特白塔国际机场,SYX,HET,14:25,,2026-09-01,2026-10-24,,653
HU7317,海口,长沙,08:30,1234567,2666,海南航空,海南,湖南,海口美兰国际机场,长沙黄花国际机场,HAK,CSX,10:30,,2026-09-01,2026-10-24,,654
HU7320,上海,海口,08:30,1234567,2666,海南航空,上海,海南,上海虹桥国际机场,海口美兰国际机场,SHA,HAK,11:35,,2026-09-01,2026-10-24,,655
HU7340,重庆,三亚,08:30,1234567,2666,海南航空,重庆,海南,重庆江北国际机场,三亚凤凰国际机场,CKG,SYX,10:50,,2026-09-01,2026-10-24,,656
HU7471,重庆,温州,08:30,1234567,2666,海南航空,重庆,浙江,重庆江北国际机场,温州龙湾国际机场,CKG,WNZ,11:05,,2026-09-01,2026-10-24,,657
HU7509,西安,长沙,08:30,1234567,2666,海南航空,陕西,湖南,西安咸阳国际机场,长沙黄花国际机场,XIY,CSX,10:40,,2026-09-01,2026-10-24,,658
HU7701,北京,深圳,08:30,1234567,2666,海南航空,北京,广东,北京首都国际机场,深圳宝安国际机场,PEK,SZX,11:50,,2026-09-01,2026-10-24,,659
HU7801,北京,广州,08:30,1234567,2666,海南航空,北京,广东,北京首都国际机场,广州白云国际机场,PEK,CAN,11:50,,2026-09-01,2026-10-24,,660
HU7837,西安,广州,08:30,1234567,2666,海南航空,陕西,广东,西安咸阳国际机场,广州白云国际机场,XIY,CAN,11:25,,2026-09-01,2026-10-24,,661
HU7845,西安,上海,08:30,1234567,2666,海南航空,陕西,上海,西安咸阳国际机场,上海浦东国际机场,XIY,PVG,11:00,,2026-09-01,2026-10-24,,662
JD5377,杭州,哈尔滨,08:30,1234567,2666,首都航空,浙江,黑龙江,杭州萧山国际机场,哈尔滨太平国际机场,HGH,HRB,11:35,,2026-09-01,2026-10-24,,663
JD5605,三亚,太原,08:30,1234567,2666,首都航空,海南,山西,三亚凤凰国际机场,太原武宿国际机场,SYX,TYN,11:55,9.29~10.8,2026-09-29,2026-10-08,,664
JD5931,北京,长沙,08:30,46,2666,首都航空,北京,湖南,北京大兴国际机场,长沙黄花国际机场,PKX,CSX,11:00,,2026-09-01,2026-10-24,,665
UQ2509,乌鲁木齐,固原,08:30,1357,2666,乌鲁木齐航空,新疆,宁夏,乌鲁木齐天山国际机场,固原六盘山机场,URC,GYU,11:30,,2026-09-01,2026-10-24,,666
UQ2509,乌鲁木齐,郑州,08:30,1357,2666,乌鲁木齐航空,新疆,河南,乌鲁木齐天山国际机场,郑州新郑国际机场,URC,CGO,14:05,,2026-09-01,2026-10-24,,667
Y87595,上海,北京,08:30,1357,2666,金鹏航空,上海,北京,上海浦东国际机场,北京首都国际机场,PVG,PEK,10:40,9.21始,2026-09-21,2026-10-24,,668
FU6619,福州,呼伦贝尔,08:35,1357,2666,福州航空,福建,内蒙古,福州长乐国际机场,呼伦贝尔海拉尔东山国际机场,FOC,HLD,14:25,,2026-09-01,2026-10-24,,669
FU6619,福州,青岛,08:35,1357,2666,福州航空,福建,山东,福州长乐国际机场,青岛胶东国际机场,FOC,TAO,10:50,,2026-09-01,2026-10-24,,670
GS6417,大连,唐山,08:35,1357,2666,天津航空,辽宁,河北,大连周水子国际机场,唐山三女河机场,DLC,TVS,09:50,,2026-09-01,2026-10-24,,671
GS6417,大连,银川,08:35,1357,2666,天津航空,辽宁,宁夏,大连周水子国际机场,银川河东国际机场,DLC,INC,12:55,,2026-09-01,2026-10-24,,672
GS7601,西安,海口,08:35,1357,2666,天津航空,陕西,海南,西安咸阳国际机场,海口美兰国际机场,XIY,HAK,13:05,,2026-09-01,2026-10-24,,673
GS7601,西安,遵义,08:35,1357,2666,天津航空,陕西,贵州,西安咸阳国际机场,遵义茅台机场,XIY,WMT,10:20,,2026-09-01,2026-10-24,,674
HU7393,深圳,杭州,08:35,135,2666,海南航空,广东,浙江,深圳宝安国际机场,杭州萧山国际机场,SZX,HGH,10:40,,2026-09-01,2026-10-24,,675
HU7463,大连,南宁,08:35,1234567,2666,海南航空,辽宁,广西,大连周水子国际机场,南宁吴圩国际机场,DLC,NNG,13:55,,2026-09-01,2026-10-24,,676
HU7463,大连,南昌,08:35,1234567,2666,海南航空,辽宁,江西,大连周水子国际机场,南昌昌北国际机场,DLC,KHN,10:50,,2026-09-01,2026-10-24,,677
HU7879,乌鲁木齐,南昌,08:35,1234567,2666,海南航空,新疆,江西,乌鲁木齐天山国际机场,南昌昌北国际机场,URC,KHN,13:00,10.10止,2026-09-01,2026-10-10,,678
JD5205,西安,丽江,08:35,1234567,2666,首都航空,陕西,云南,西安咸阳国际机场,丽江三义国际机场,XIY,LJG,11:00,,2026-09-01,2026-10-24,,679
JD5763,海口,临沂,08:35,1234567,2666,首都航空,海南,山东,海口美兰国际机场,临沂启阳机场,HAK,LYI,13:00,,2026-09-01,2026-10-24,,680
JD5763,海口,桂林,08:35,1234567,2666,首都航空,海南,广西,海口美兰国际机场,桂林两江国际机场,HAK,KWL,09:55,,2026-09-01,2026-10-24,,681
8L9832,迪庆,昆明,08:40,1234567,2666,祥鹏航空,云南,云南,迪庆香格里拉机场,昆明长水国际机场,DIG,KMG,09:45,,2026-09-01,2026-10-24,,682
FU6725,厦门,哈密,08:40,1234567,2666,福州航空,福建,新疆,厦门高崎国际机场,哈密伊州机场,XMN,HMI,15:50,,2026-09-01,2026-10-24,,683
FU6725,厦门,郑州,08:40,1234567,2666,福州航空,福建,河南,厦门高崎国际机场,郑州新郑国际机场,XMN,CGO,11:15,,2026-09-01,2026-10-24,,684
GS7727,惠州,乌鲁木齐,08:40,1234567,2666,天津航空,广东,新疆,惠州平潭机场,乌鲁木齐天山国际机场,HUZ,URC,16:20,,2026-09-01,2026-10-24,,685
GS7727,惠州,郑州,08:40,1234567,2666,天津航空,广东,河南,惠州平潭机场,郑州新郑国际机场,HUZ,CGO,11:15,,2026-09-01,2026-10-24,,686
JD5127,杭州,昆明,08:40,123467,2666,首都航空,浙江,云南,杭州萧山国际机场,昆明长水国际机场,HGH,KMG,11:40,,2026-09-01,2026-10-24,,687
JD5255,北京,贵阳,08:40,1234567,2666,首都航空,北京,贵州,北京大兴国际机场,贵阳龙洞堡国际机场,PKX,KWE,11:40,,2026-09-01,2026-10-24,,688
JD5259,杭州,成都,08:40,246,2666,首都航空,浙江,四川,杭州萧山国际机场,成都天府国际机场,HGH,TFU,11:30,,2026-09-01,2026-10-24,,689
JD5827,丽江,南昌,08:40,246,2666,首都航空,云南,江西,丽江三义国际机场,南昌昌北国际机场,LJG,KHN,11:15,,2026-09-01,2026-10-24,,690
UQ3585,郑州,福州,08:40,1234567,2666,乌鲁木齐航空,河南,福建,郑州新郑国际机场,福州长乐国际机场,CGO,FOC,11:00,,2026-09-01,2026-10-24,,691
8L9661,成都,沈阳,08:45,1234567,2666,祥鹏航空,四川,辽宁,成都天府国际机场,沈阳桃仙国际机场,TFU,SHE,12:00,,2026-09-01,2026-10-24,,692
GS7683,西安,桂林,08:45,1234567,2666,天津航空,陕西,广西,西安咸阳国际机场,桂林两江国际机场,XIY,KWL,11:00,,2026-09-01,2026-10-24,,693
HU7403,重庆,丽水,08:45,1357,2666,海南航空,重庆,浙江,重庆江北国际机场,丽水机场,CKG,LIJ,11:15,,2026-09-01,2026-10-24,,694
HU7603,北京,上海,08:45,1234567,2666,海南航空,北京,上海,北京首都国际机场,上海虹桥国际机场,PEK,SHA,10:55,,2026-09-01,2026-10-24,,695
HU7832,重庆,乌鲁木齐,08:45,1234567,2666,海南航空,重庆,新疆,重庆江北国际机场,乌鲁木齐天山国际机场,CKG,URC,12:45,,2026-09-01,2026-10-24,,696
UQ3562,和田,兰州,08:45,1234567,2666,乌鲁木齐航空,新疆,甘肃,和田昆冈机场,兰州中川国际机场,HTN,LHW,12:00,,2026-09-01,2026-10-24,,697
UQ3562,和田,郑州,08:45,1234567,2666,乌鲁木齐航空,新疆,河南,和田昆冈机场,郑州新郑国际机场,HTN,CGO,14:45,,2026-09-01,2026-10-24,,698
Y87527,深圳,呼伦贝尔,08:45,5,2666,金鹏航空,广东,内蒙古,深圳宝安国际机场,呼伦贝尔海拉尔东山国际机场,SZX,HLD,15:15,,2026-09-01,2026-10-24,,699
Y87527,深圳,呼和浩特,08:45,5,2666,金鹏航空,广东,内蒙古,深圳宝安国际机场,呼和浩特白塔国际机场,SZX,HET,12:00,,2026-09-01,2026-10-24,,700
8L9887,昆明,上海,08:50,1357,2666,祥鹏航空,云南,上海,昆明长水国际机场,上海虹桥国际机场,KMG,SHA,12:00,,2026-09-01,2026-10-24,,701
GX8876,济南,海口,08:50,4,2666,北部湾航空,山东,海南,济南遥墙国际机场,海口美兰国际机场,TNA,HAK,13:40,仅10.15,,,2026-10-15,702
HU7003,海口,广州,08:50,1,2666,海南航空,海南,广东,海口美兰国际机场,广州白云国际机场,HAK,CAN,10:25,,2026-09-01,2026-10-24,,703
HU7022,深圳,海口,08:50,1234567,2666,海南航空,广东,海南,深圳宝安国际机场,海口美兰国际机场,SZX,HAK,10:15,,2026-09-01,2026-10-24,,704
Y87531,深圳,杭州,08:50,246,2666,金鹏航空,广东,浙江,深圳宝安国际机场,杭州萧山国际机场,SZX,HGH,11:20,,2026-09-01,2026-10-24,,705
Y87531,深圳,长春,08:50,246,2666,金鹏航空,广东,吉林,深圳宝安国际机场,长春龙嘉国际机场,SZX,CGQ,15:50,,2026-09-01,2026-10-24,,706
8L9617,大理,南昌,08:55,1234567,2666,祥鹏航空,云南,江西,大理凤仪机场,南昌昌北国际机场,DLU,KHN,11:25,,2026-09-01,2026-10-24,,707
8L9935,昆明,杭州,08:55,1234567,2666,祥鹏航空,云南,浙江,昆明长水国际机场,杭州萧山国际机场,KMG,HGH,11:55,,2026-09-01,2026-10-24,,708
8L9948,成都,昆明,08:55,1234567,2666,祥鹏航空,四川,云南,成都天府国际机场,昆明长水国际机场,TFU,KMG,10:25,,2026-09-01,2026-10-24,,709
9H8413,南阳,三亚,08:55,246,2666,长安航空,河南,海南,南阳姜营机场,三亚凤凰国际机场,NNY,SYX,12:00,,2026-09-01,2026-10-24,,710
FU6793,厦门,西宁,08:55,246,2666,福州航空,福建,青海,厦门高崎国际机场,西宁曹家堡国际机场,XMN,XNN,13:55,,2026-09-01,2026-10-24,,711
FU6793,厦门,陇南,08:55,246,2666,福州航空,福建,甘肃,厦门高崎国际机场,陇南成县机场,XMN,LNL,11:55,,2026-09-01,2026-10-24,,712
GS6431,大连,宁波,08:55,246,2666,天津航空,辽宁,浙江,大连周水子国际机场,宁波栎社国际机场,DLC,NGB,12:45,,2026-09-01,2026-10-24,,713
GS6431,大连,烟台,08:55,246,2666,天津航空,辽宁,山东,大连周水子国际机场,烟台蓬莱国际机场,DLC,YNT,09:45,,2026-09-01,2026-10-24,,714
GS7673,西安,赣州,08:55,1234567,2666,天津航空,陕西,江西,西安咸阳国际机场,赣州黄金机场,XIY,KOW,11:30,,2026-09-01,2026-10-24,,715
GX8867,南宁,南阳,08:55,246,2666,北部湾航空,广西,河南,南宁吴圩国际机场,南阳姜营机场,NNG,NNY,11:20,,2026-09-01,2026-10-24,,716
GX8867,南宁,青岛,08:55,246,2666,北部湾航空,广西,山东,南宁吴圩国际机场,青岛胶东国际机场,NNG,TAO,14:00,,2026-09-01,2026-10-24,,717
HU6213,北京,南昌,08:55,1234567,2666,海南航空,北京,江西,北京首都国际机场,南昌昌北国际机场,PEK,KHN,11:30,,2026-09-01,2026-10-24,,718
HU7195,北京,福州,08:55,1234567,2666,海南航空,北京,福建,北京首都国际机场,福州长乐国际机场,PEK,FOC,11:50,,2026-09-01,2026-10-24,,719
HU7497,兰州,大连,08:55,1234567,2666,海南航空,甘肃,辽宁,兰州中川国际机场,大连周水子国际机场,LHW,DLC,13:40,,2026-09-01,2026-10-24,,720
HU7497,兰州,天津,08:55,1234567,2666,海南航空,甘肃,天津,兰州中川国际机场,天津滨海国际机场,LHW,TSN,11:20,,2026-09-01,2026-10-24,,721
HU7821,乌鲁木齐,沈阳,08:55,1234567,2666,海南航空,新疆,辽宁,乌鲁木齐天山国际机场,沈阳桃仙国际机场,URC,SHE,16:00,,2026-09-01,2026-10-24,,722
HU7821,乌鲁木齐,济南,08:55,1234567,2666,海南航空,新疆,山东,乌鲁木齐天山国际机场,济南遥墙国际机场,URC,TNA,13:10,,2026-09-01,2026-10-24,,723
JD5113,杭州,深圳,08:55,1357,2666,首都航空,浙江,广东,杭州萧山国际机场,深圳宝安国际机场,HGH,SZX,11:15,,2026-09-01,2026-10-24,,724
JD5529,海口,南宁,08:55,1234567,2666,首都航空,海南,广西,海口美兰国际机场,南宁吴圩国际机场,HAK,NNG,10:00,,2026-09-01,2026-10-24,,725
JD5685,北京,阿尔山,08:55,246,2666,首都航空,北京,内蒙古,北京大兴国际机场,阿尔山伊尔施机场,PKX,YIE,11:05,,2026-09-01,2026-10-24,,726
8L9839,昆明,盐城,09:00,246,2666,祥鹏航空,云南,江苏,昆明长水国际机场,盐城南洋国际机场,KMG,YNZ,12:00,,2026-09-01,2026-10-24,,727
8L9989,昆明,泉州,09:00,246,2666,祥鹏航空,云南,福建,昆明长水国际机场,泉州晋江国际机场,KMG,JJN,11:45,,2026-09-01,2026-10-24,,728
CN7159,北京,九江,09:00,123467,2666,大新华航空,北京,江西,北京首都国际机场,九江庐山机场,PEK,JIU,11:40,,2026-09-01,2026-10-24,,729
FU6635,哈尔滨,三亚,09:00,246,2666,福州航空,黑龙江,海南,哈尔滨太平国际机场,三亚凤凰国际机场,HRB,SYX,15:40,,2026-09-01,2026-10-24,,730
FU6635,哈尔滨,邢台,09:00,246,2666,福州航空,黑龙江,河北,哈尔滨太平国际机场,邢台褡裢机场,HRB,XNT,11:30,,2026-09-01,2026-10-24,,731
FU6739,福州,兰州,09:00,1357,2666,福州航空,福建,甘肃,福州长乐国际机场,兰州中川国际机场,FOC,LHW,14:30,,2026-09-01,2026-10-24,,732
FU6739,福州,太原,09:00,1357,2666,福州航空,福建,山西,福州长乐国际机场,太原武宿国际机场,FOC,TYN,11:40,,2026-09-01,2026-10-24,,733
FU6767,哈尔滨,三亚,09:00,137,2666,福州航空,黑龙江,海南,哈尔滨太平国际机场,三亚凤凰国际机场,HRB,SYX,15:40,,2026-09-01,2026-10-24,,734
FU6767,哈尔滨,黄山,09:00,137,2666,福州航空,黑龙江,安徽,哈尔滨太平国际机场,黄山屯溪国际机场,HRB,TXN,12:15,,2026-09-01,2026-10-24,,735
GS6683,呼和浩特,赤峰,09:00,1234567,2666,天津航空,内蒙古,内蒙古,呼和浩特白塔国际机场,赤峰玉龙机场,HET,CIF,10:20,,2026-09-01,2026-10-24,,736
GS7534,伊宁,乌鲁木齐,09:00,1357,2666,天津航空,新疆,新疆,伊宁机场,乌鲁木齐天山国际机场,YIN,URC,10:15,,2026-09-01,2026-10-24,,737
GS7589,乌鲁木齐,南京,09:00,246,2666,天津航空,新疆,江苏,乌鲁木齐天山国际机场,南京禄口国际机场,URC,NKG,15:40,,2026-09-01,2026-10-24,,738
GS7589,乌鲁木齐,呼和浩特,09:00,246,2666,天津航空,新疆,内蒙古,乌鲁木齐天山国际机场,呼和浩特白塔国际机场,URC,HET,12:30,,2026-09-01,2026-10-24,,739
GS7619,呼和浩特,哈尔滨,09:00,1234567,2666,天津航空,内蒙古,黑龙江,呼和浩特白塔国际机场,哈尔滨太平国际机场,HET,HRB,11:20,9.21始,2026-09-21,2026-10-24,,740
GS7673,西安,珠海,09:00,1234567,2666,天津航空,陕西,广东,西安咸阳国际机场,珠海金湾机场,XIY,ZUH,13:30,,2026-09-01,2026-10-24,,741
GX8827,南宁,济南,09:00,1357,2666,北部湾航空,广西,山东,南宁吴圩国际机场,济南遥墙国际机场,NNG,TNA,12:00,,2026-09-01,2026-10-24,,742
HU6051,西安,福州,09:00,1234567,2666,海南航空,陕西,福建,西安咸阳国际机场,福州长乐国际机场,XIY,FOC,11:50,,2026-09-01,2026-10-24,,743
HU7061,海口,武汉,09:00,1234567,2666,海南航空,海南,湖北,海口美兰国际机场,武汉天河国际机场,HAK,WUH,11:35,,2026-09-01,2026-10-24,,744
HU7061,海口,长春,09:00,1234567,2666,海南航空,海南,吉林,海口美兰国际机场,长春龙嘉国际机场,HAK,CGQ,15:50,,2026-09-01,2026-10-24,,745
HU7084,成都,海口,09:00,1234567,2666,海南航空,四川,海南,成都天府国际机场,海口美兰国际机场,TFU,HAK,11:20,9.27~10.10,2026-09-27,2026-10-10,,746
HU7087,海口,成都,09:00,1357,2666,海南航空,海南,四川,海口美兰国际机场,成都天府国际机场,HAK,TFU,11:20,,2026-09-01,2026-10-24,,747
HU7091,海口,昆明,09:00,157,2666,海南航空,海南,云南,海口美兰国际机场,昆明长水国际机场,HAK,KMG,10:55,,2026-09-01,2026-10-24,,748
HU7115,海口,南京,09:00,1234567,2666,海南航空,海南,江苏,海口美兰国际机场,南京禄口国际机场,HAK,NKG,11:50,9.24~10.10,2026-09-24,2026-10-10,,749
HU7411,重庆,厦门,09:00,1234567,2666,海南航空,重庆,福建,重庆江北国际机场,厦门高崎国际机场,CKG,XMN,11:30,,2026-09-01,2026-10-24,,750
HU7449,兰州,北海,09:00,246,2666,海南航空,甘肃,广西,兰州中川国际机场,北海福成机场,LHW,BHY,13:30,,2026-09-01,2026-10-24,,751
HU7449,兰州,南充,09:00,246,2666,海南航空,甘肃,四川,兰州中川国际机场,南充高坪机场,LHW,NAO,10:45,,2026-09-01,2026-10-24,,752
HU7482,北京,海口,09:00,1234567,2666,海南航空,北京,海南,北京首都国际机场,海口美兰国际机场,PEK,HAK,12:50,,2026-09-01,2026-10-24,,753
HU7704,深圳,北京,09:00,1234567,2666,海南航空,广东,北京,深圳宝安国际机场,北京首都国际机场,SZX,PEK,12:15,,2026-09-01,2026-10-24,,754
HU7839,乌鲁木齐,成都,09:00,1234567,2666,海南航空,新疆,四川,乌鲁木齐天山国际机场,成都天府国际机场,URC,TFU,12:40,,2026-09-01,2026-10-24,,755
PN6216,昌都,重庆,09:00,1234567,2666,西部航空,西藏,重庆,昌都邦达机场,重庆江北国际机场,BPX,CKG,10:50,,2026-09-01,2026-10-24,,756
PN6437,重庆,上海,09:00,1234567,2666,西部航空,重庆,上海,重庆江北国际机场,上海浦东国际机场,CKG,PVG,11:25,,2026-09-01,2026-10-24,,757
PN6497,中卫,乌鲁木齐,09:00,1357,2666,西部航空,宁夏,新疆,中卫沙坡头机场,乌鲁木齐天山国际机场,ZHY,URC,11:50,,2026-09-01,2026-10-24,,758
PN6584,大理,重庆,09:00,1234567,2666,西部航空,云南,重庆,大理凤仪机场,重庆江北国际机场,DLU,CKG,10:50,10.11止,2026-09-01,2026-10-11,,759
8L9518,拉萨,西宁,19:00,1234567,2666,祥鹏航空,西藏,青海,拉萨贡嘎国际机场,西宁曹家堡国际机场,LXA,XNN,21:15,,2026-09-01,2026-10-24,,760
8L9518,拉萨,郑州,19:00,1234567,2666,祥鹏航空,西藏,河南,拉萨贡嘎国际机场,郑州新郑国际机场,LXA,CGO,23:55,,2026-09-01,2026-10-24,,761
8L9688,郑州,成都,19:00,1234567,2666,祥鹏航空,河南,四川,郑州新郑国际机场,成都天府国际机场,CGO,TFU,21:10,,2026-09-01,2026-10-24,,762
9H8321,西安,昆明,19:00,246,2666,长安航空,陕西,云南,西安咸阳国际机场,昆明长水国际机场,XIY,KMG,21:15,,2026-09-01,2026-10-24,,763
CN7669,北京,银川,19:00,23456,2666,大新华航空,北京,宁夏,北京首都国际机场,银川河东国际机场,PEK,INC,21:05,,2026-09-01,2026-10-24,,764
FU6620,青岛,福州,19:00,1357,2666,福州航空,山东,福建,青岛胶东国际机场,福州长乐国际机场,TAO,FOC,21:15,,2026-09-01,2026-10-24,,765
FU6714,呼和浩特,厦门,19:00,246,2666,福州航空,内蒙古,福建,呼和浩特白塔国际机场,厦门高崎国际机场,HET,XMN,22:30,,2026-09-01,2026-10-24,,766
GS6515,贵阳,榆林,19:00,357,2666,天津航空,贵州,陕西,贵阳龙洞堡国际机场,榆林榆阳机场,KWE,UYN,21:05,,2026-09-01,2026-10-24,,767
GS6598,乌兰浩特,呼和浩特,19:00,1357,2666,天津航空,内蒙古,内蒙古,乌兰浩特义勒力特机场,呼和浩特白塔国际机场,HLH,HET,20:45,,2026-09-01,2026-10-24,,768
GS6598,乌兰浩特,重庆,19:00,1357,2666,天津航空,内蒙古,重庆,乌兰浩特义勒力特机场,重庆江北国际机场,HLH,CKG,00:05,,2026-09-01,2026-10-24,,769
GS7434,厦门,岳阳,19:00,57,2666,天津航空,福建,湖南,厦门高崎国际机场,岳阳三荷机场,XMN,YYA,20:35,9.27止,2026-09-01,2026-09-27,,770
GS7434,厦门,榆林,19:00,57,2666,天津航空,福建,陕西,厦门高崎国际机场,榆林榆阳机场,XMN,UYN,23:25,9.27止,2026-09-01,2026-09-27,,771
GS7502,长沙,乌鲁木齐,19:00,1234567,2666,天津航空,湖南,新疆,长沙黄花国际机场,乌鲁木齐天山国际机场,CSX,URC,00:50,,2026-09-01,2026-10-24,,772
GS7502,长沙,西宁,19:00,1234567,2666,天津航空,湖南,青海,长沙黄花国际机场,西宁曹家堡国际机场,CSX,XNN,21:40,,2026-09-01,2026-10-24,,773
GX8975,三亚,洛阳,19:00,1357,2666,北部湾航空,海南,河南,三亚凤凰国际机场,洛阳北郊机场,SYX,LYA,21:55,,2026-09-01,2026-10-24,,774
HU7015,海口,揭阳,19:00,1234567,2666,海南航空,海南,广东,海口美兰国际机场,揭阳潮汕国际机场,HAK,SWA,20:30,,2026-09-01,2026-10-24,,775
HU7064,大连,武汉,19:00,1234567,2666,海南航空,辽宁,湖北,大连周水子国际机场,武汉天河国际机场,DLC,WUH,21:30,,2026-09-01,2026-10-24,,776
HU7064,大连,海口,19:00,1234567,2666,海南航空,辽宁,海南,大连周水子国际机场,海口美兰国际机场,DLC,HAK,01:05,,2026-09-01,2026-10-24,,777
HU7082,北京,海口,19:00,1234567,2666,海南航空,北京,海南,北京首都国际机场,海口美兰国际机场,PEK,HAK,22:55,,2026-09-01,2026-10-24,,778
HU7188,武汉,北京,19:00,1234567,2666,海南航空,湖北,北京,武汉天河国际机场,北京首都国际机场,WUH,PEK,21:00,,2026-09-01,2026-10-24,,779
HU7381,海口,北京,19:00,1234567,2666,海南航空,海南,北京,海口美兰国际机场,北京首都国际机场,HAK,PEK,22:45,,2026-09-01,2026-10-24,,780
HU7567,北京,重庆,19:00,1234567,2666,海南航空,北京,重庆,北京首都国际机场,重庆江北国际机场,PEK,CKG,22:15,,2026-09-01,2026-10-24,,781
HU7597,杭州,青岛,19:00,246,2666,海南航空,浙江,山东,杭州萧山国际机场,青岛胶东国际机场,HGH,TAO,21:05,,2026-09-01,2026-10-24,,782
HU7608,上海,北京,19:00,1234567,2666,海南航空,上海,北京,上海虹桥国际机场,北京首都国际机场,SHA,PEK,21:15,,2026-09-01,2026-10-24,,783
HU7778,琼海,北京,19:00,1234567,2666,海南航空,海南,北京,琼海博鳌机场,北京首都国际机场,BAR,PEK,23:00,,2026-09-01,2026-10-24,,784
HU7812,广州,北京,19:00,246,2666,海南航空,广东,北京,广州白云国际机场,北京首都国际机场,CAN,PEK,21:55,,2026-09-01,2026-10-24,,785
PN6555,朝阳,南京,19:00,246,2666,西部航空,辽宁,江苏,朝阳机场,南京禄口国际机场,CHG,NKG,21:00,,2026-09-01,2026-10-24,,786
UQ3509,郑州,重庆,19:00,1234567,2666,乌鲁木齐航空,河南,重庆,郑州新郑国际机场,重庆江北国际机场,CGO,CKG,21:00,9.30止,2026-09-01,2026-09-30,,787
Y87556,海口,郑州,19:00,1357,2666,金鹏航空,海南,河南,海口美兰国际机场,郑州新郑国际机场,HAK,CGO,21:50,9.23止,2026-09-01,2026-09-23,,788
Y87558,哈尔滨,郑州,19:00,246,2666,金鹏航空,黑龙江,河南,哈尔滨太平国际机场,郑州新郑国际机场,HRB,CGO,21:50,,2026-09-01,2026-10-24,,789
Y87564,吐鲁番,深圳,19:00,1357,2666,金鹏航空,新疆,广东,吐鲁番交河机场,深圳宝安国际机场,TLQ,SZX,00:55,,2026-09-01,2026-10-24,,790
Y87564,吐鲁番,陇南,19:00,1357,2666,金鹏航空,新疆,甘肃,吐鲁番交河机场,陇南成县机场,TLQ,LNL,21:45,,2026-09-01,2026-10-24,,791
8L9530,郑州,昆明,19:05,1234567,2666,祥鹏航空,河南,云南,郑州新郑国际机场,昆明长水国际机场,CGO,KMG,22:05,,2026-09-01,2026-10-24,,792
8L9639,西双版纳,西安,19:05,1234567,2666,祥鹏航空,云南,陕西,西双版纳嘎洒国际机场,西安咸阳国际机场,JHG,XIY,21:50,,2026-09-01,2026-10-24,,793
8L9717,成都,南昌,19:05,1234567,2666,祥鹏航空,四川,江西,成都天府国际机场,南昌昌北国际机场,TFU,KHN,21:15,,2026-09-01,2026-10-24,,794
GS6449,重庆,深圳,19:05,1234567,2666,天津航空,重庆,广东,重庆江北国际机场,深圳宝安国际机场,CKG,SZX,21:10,,2026-09-01,2026-10-24,,795
GS6575,海口,怀化,19:05,246,2666,天津航空,海南,湖南,海口美兰国际机场,怀化芷江机场,HAK,HJJ,20:50,,2026-09-01,2026-10-24,,796
GS6575,海口,西安,19:05,246,2666,天津航空,海南,陕西,海口美兰国际机场,西安咸阳国际机场,HAK,XIY,23:20,,2026-09-01,2026-10-24,,797
GS6604,呼伦贝尔,呼和浩特,19:05,246,2666,天津航空,内蒙古,内蒙古,呼伦贝尔海拉尔东山国际机场,呼和浩特白塔国际机场,HLD,HET,21:10,9.19止,2026-09-01,2026-09-19,,798
GS6604,呼伦贝尔,重庆,19:05,246,2666,天津航空,内蒙古,重庆,呼伦贝尔海拉尔东山国际机场,重庆江北国际机场,HLD,CKG,00:30,9.26止,2026-09-01,2026-09-26,,799
GS7526,盐城,乌鲁木齐,19:05,246,2666,天津航空,江苏,新疆,盐城南洋国际机场,乌鲁木齐天山国际机场,YNZ,URC,01:30,10.8止,2026-09-01,2026-10-08,,800
GS7526,盐城,西安,19:05,246,2666,天津航空,江苏,陕西,盐城南洋国际机场,西安咸阳国际机场,YNZ,XIY,21:15,10.8止,2026-09-01,2026-10-08,,801
GS7552,和田,乌鲁木齐,19:05,1357,2666,天津航空,新疆,新疆,和田昆冈机场,乌鲁木齐天山国际机场,HTN,URC,20:50,,2026-09-01,2026-10-24,,802
GS7836,乌鲁木齐,天津,19:05,1234567,2666,天津航空,新疆,天津,乌鲁木齐天山国际机场,天津滨海国际机场,URC,TSN,23:00,,2026-09-01,2026-10-24,,803
GS7860,昆明,天津,19:05,1357,2666,天津航空,云南,天津,昆明长水国际机场,天津滨海国际机场,KMG,TSN,23:50,,2026-09-01,2026-10-24,,804
GS7860,昆明,绵阳,19:05,1357,2666,天津航空,云南,四川,昆明长水国际机场,绵阳南郊机场,KMG,MIG,20:40,,2026-09-01,2026-10-24,,805
GX8877,南宁,西宁,19:05,1357,2666,北部湾航空,广西,青海,南宁吴圩国际机场,西宁曹家堡国际机场,NNG,XNN,21:50,,2026-09-01,2026-10-24,,806
GX8959,南宁,济宁,19:05,1357,2666,北部湾航空,广西,山东,南宁吴圩国际机场,济宁大安机场,NNG,JNG,21:45,,2026-09-01,2026-10-24,,807
HU7059,海口,荆州,19:05,246,2666,海南航空,海南,湖北,海口美兰国际机场,荆州沙市机场,HAK,SHS,21:05,,2026-09-01,2026-10-24,,808
HU7455,杭州,汉中,19:05,1357,2666,海南航空,浙江,陕西,杭州萧山国际机场,汉中城固机场,HGH,HZG,21:45,,2026-09-01,2026-10-24,,809
HU7660,宁波,大连,19:05,1234567,2666,海南航空,浙江,辽宁,宁波栎社国际机场,大连周水子国际机场,NGB,DLC,23:35,,2026-09-01,2026-10-24,,810
HU7660,宁波,天津,19:05,1234567,2666,海南航空,浙江,天津,宁波栎社国际机场,天津滨海国际机场,NGB,TSN,21:20,,2026-09-01,2026-10-24,,811
HU7694,福州,太原,19:05,1234567,2666,海南航空,福建,山西,福州长乐国际机场,太原武宿国际机场,FOC,TYN,00:05,,2026-09-01,2026-10-24,,812
HU7694,福州,长沙,19:05,1234567,2666,海南航空,福建,湖南,福州长乐国际机场,长沙黄花国际机场,FOC,CSX,20:55,,2026-09-01,2026-10-24,,813
HU7757,长沙,上海,19:05,1357,2666,海南航空,湖南,上海,长沙黄花国际机场,上海浦东国际机场,CSX,PVG,21:10,,2026-09-01,2026-10-24,,814
HU7834,天津,乌鲁木齐,19:05,1234567,2666,海南航空,天津,新疆,天津滨海国际机场,乌鲁木齐天山国际机场,TSN,URC,23:30,10.8止,2026-09-01,2026-10-08,,815
JD5052,南京,丽江,19:05,1357,2666,首都航空,江苏,云南,南京禄口国际机场,丽江三义国际机场,NKG,LJG,00:15,,2026-09-01,2026-10-24,,816
JD5052,南京,十堰,19:05,1357,2666,首都航空,江苏,湖北,南京禄口国际机场,十堰武当山机场,NKG,WDS,21:10,,2026-09-01,2026-10-24,,817
JD5249,北京,亳州,19:05,1357,2666,首都航空,北京,安徽,北京大兴国际机场,亳州机场,PKX,BZJ,20:30,,2026-09-01,2026-10-24,,818
JD5249,北京,海口,19:05,1357,2666,首都航空,北京,海南,北京大兴国际机场,海口美兰国际机场,PKX,HAK,00:15,,2026-09-01,2026-10-24,,819
JD5302,杭州,西安,19:05,157,2666,首都航空,浙江,陕西,杭州萧山国际机场,西安咸阳国际机场,HGH,XIY,21:30,,2026-09-01,2026-10-24,,820
JD5989,北京,海口,19:05,246,2666,首都航空,北京,海南,北京大兴国际机场,海口美兰国际机场,PKX,HAK,22:45,,2026-09-01,2026-10-24,,821
PN6210,遵义,郑州,19:05,246,2666,西部航空,贵州,河南,遵义茅台机场,郑州新郑国际机场,WMT,CGO,21:00,,2026-09-01,2026-10-24,,822
PN6291,郴州,厦门,19:05,1357,2666,西部航空,湖南,福建,郴州北湖机场,厦门高崎国际机场,HCZ,XMN,20:15,,2026-09-01,2026-10-24,,823
Y87544,三亚,郑州,19:05,1357,2666,金鹏航空,海南,河南,三亚凤凰国际机场,郑州新郑国际机场,SYX,CGO,21:50,10.12始,2026-10-12,2026-10-24,,824
9H8374,厦门,西安,19:10,1234567,2666,长安航空,福建,陕西,厦门高崎国际机场,西安咸阳国际机场,XMN,XIY,00:05,,2026-09-01,2026-10-24,,825
9H8374,厦门,铜仁,19:10,1234567,2666,长安航空,福建,贵州,厦门高崎国际机场,铜仁凤凰机场,XMN,TEN,21:20,,2026-09-01,2026-10-24,,826
GS7466,成都,乌鲁木齐,19:10,1357,2666,天津航空,四川,新疆,成都天府国际机场,乌鲁木齐天山国际机场,TFU,URC,00:55,,2026-09-01,2026-10-24,,827
GS7466,成都,楼兰,19:10,1357,2666,天津航空,四川,新疆,成都天府国际机场,若羌楼兰机场,TFU,RQA,23:00,,2026-09-01,2026-10-24,,828
GS7518,万州,乌鲁木齐,19:10,1357,2666,天津航空,重庆,新疆,万州五桥机场,乌鲁木齐天山国际机场,WXN,URC,22:40,,2026-09-01,2026-10-24,,829
GS7687,玉林,海口,19:10,1357,2666,天津航空,广西,海南,玉林福绵机场,海口美兰国际机场,YLX,HAK,20:20,,2026-09-01,2026-10-24,,830
GS7872,三亚,上饶,19:10,246,2666,天津航空,海南,江西,三亚凤凰国际机场,上饶三清山机场,SYX,SQD,21:35,,2026-09-01,2026-10-24,,831
GS7872,三亚,天津,19:10,246,2666,天津航空,海南,天津,三亚凤凰国际机场,天津滨海国际机场,SYX,TSN,00:55,,2026-09-01,2026-10-24,,832
GX8821,南宁,厦门,19:10,1234567,2666,北部湾航空,广西,福建,南宁吴圩国际机场,厦门高崎国际机场,NNG,XMN,21:15,,2026-09-01,2026-10-24,,833
HU6401,三亚,海口,19:10,123456,2666,海南航空,海南,海南,三亚凤凰国际机场,海口美兰国际机场,SYX,HAK,21:15,9.23止,2026-09-01,2026-09-23,,834
HU6401,三亚,琼海,19:10,123456,2666,海南航空,海南,海南,三亚凤凰国际机场,琼海博鳌机场,SYX,BAR,20:05,9.19止,2026-09-01,2026-09-19,,835
HU6402,海口,三亚,19:10,2,2666,海南航空,海南,海南,海口美兰国际机场,三亚凤凰国际机场,HAK,SYX,02:00,仅9.1,,,2026-09-01,836
HU6402,海口,三亚,19:10,1234567,2666,海南航空,海南,海南,海口美兰国际机场,三亚凤凰国际机场,HAK,SYX,21:10,9.30止,2026-09-01,2026-09-30,,837
HU6402,海口,琼海,19:10,1234567,2666,海南航空,海南,海南,海口美兰国际机场,琼海博鳌机场,HAK,BAR,20:10,9.30止,2026-09-01,2026-09-30,,838
HU7472,温州,重庆,19:10,1234567,2666,海南航空,浙江,重庆,温州龙湾国际机场,重庆江北国际机场,WNZ,CKG,22:10,,2026-09-01,2026-10-24,,839
HU7587,西安,桂林,19:10,1234567,2666,海南航空,陕西,广西,西安咸阳国际机场,桂林两江国际机场,XIY,KWL,21:25,10.7止,2026-09-01,2026-10-07,,840
HU7714,深圳,北京,19:10,1234567,2666,海南航空,广东,北京,深圳宝安国际机场,北京首都国际机场,SZX,PEK,22:30,,2026-09-01,2026-10-24,,841
HU7850,郑州,乌鲁木齐,19:10,1234567,2666,海南航空,河南,新疆,郑州新郑国际机场,乌鲁木齐天山国际机场,CGO,URC,23:20,,2026-09-01,2026-10-24,,842
PN6542,济南,深圳,19:10,1234567,2666,西部航空,山东,广东,济南遥墙国际机场,深圳宝安国际机场,TNA,SZX,22:10,,2026-09-01,2026-10-24,,843
UQ2526,兰州,乌鲁木齐,19:10,1357,2666,乌鲁木齐航空,甘肃,新疆,兰州中川国际机场,乌鲁木齐天山国际机场,LHW,URC,22:00,,2026-09-01,2026-10-24,,844
Y87524,福州,贵阳,19:10,1234567,2666,金鹏航空,福建,贵州,福州长乐国际机场,贵阳龙洞堡国际机场,FOC,KWE,21:30,,2026-09-01,2026-10-24,,845
8L9835,丽江,西安,19:15,1234567,2666,祥鹏航空,云南,陕西,丽江三义国际机场,西安咸阳国际机场,LJG,XIY,21:40,,2026-09-01,2026-10-24,,846
9H6002,深圳,西安,19:15,246,2666,长安航空,广东,陕西,深圳宝安国际机场,西安咸阳国际机场,SZX,XIY,21:55,,2026-09-01,2026-10-24,,847
9H8462,温州,贵阳,19:15,1234567,2666,长安航空,浙江,贵州,温州龙湾国际机场,贵阳龙洞堡国际机场,WNZ,KWE,22:00,10.8始,2026-10-08,2026-10-24,,848
GS6411,大连,烟台,19:15,26,2666,天津航空,辽宁,山东,大连周水子国际机场,烟台蓬莱国际机场,DLC,YNT,19:55,,2026-09-01,2026-10-24,,849
GS7797,天津,锡林浩特,19:15,1234567,2666,天津航空,天津,内蒙古,天津滨海国际机场,锡林浩特机场,TSN,XIL,20:40,,2026-09-01,2026-10-24,,850
HU7042,济南,海口,19:15,23457,2666,海南航空,山东,海南,济南遥墙国际机场,海口美兰国际机场,TNA,HAK,22:35,,2026-09-01,2026-10-24,,851
HU7252,成都,广州,19:15,1234567,2666,海南航空,四川,广东,成都天府国际机场,广州白云国际机场,TFU,CAN,21:40,,2026-09-01,2026-10-24,,852
HU7290,贵阳,北京,19:15,246,2666,海南航空,贵州,北京,贵阳龙洞堡国际机场,北京首都国际机场,KWE,PEK,22:15,,2026-09-01,2026-10-24,,853
HU7566,西安,柳州,19:15,246,2666,海南航空,陕西,广西,西安咸阳国际机场,柳州白莲机场,XIY,LZH,21:35,,2026-09-01,2026-10-24,,854
HU7566,西安,海口,19:15,246,2666,海南航空,陕西,海南,西安咸阳国际机场,海口美兰国际机场,XIY,HAK,00:05,,2026-09-01,2026-10-24,,855
HU7644,合肥,大连,19:15,1234567,2666,海南航空,安徽,辽宁,合肥新桥国际机场,大连周水子国际机场,HFE,DLC,21:00,,2026-09-01,2026-10-24,,856
HU7814,广州,北京,19:15,1234567,2666,海南航空,广东,北京,广州白云国际机场,北京首都国际机场,CAN,PEK,22:25,,2026-09-01,2026-10-24,,857
JD5077,西安,重庆,19:15,1234567,2666,首都航空,陕西,重庆,西安咸阳国际机场,重庆江北国际机场,XIY,CKG,20:40,,2026-09-01,2026-10-24,,858
UQ2544,达州,乌鲁木齐,19:15,1357,2666,乌鲁木齐航空,四川,新疆,达州金垭机场,乌鲁木齐天山国际机场,DZH,URC,23:10,,2026-09-01,2026-10-24,,859
8L9658,赣州,成都,19:20,1234567,2666,祥鹏航空,江西,四川,赣州黄金机场,成都天府国际机场,KOW,TFU,21:50,,2026-09-01,2026-10-24,,860
8L9748,拉萨,昆明,19:20,1234567,2666,祥鹏航空,西藏,云南,拉萨贡嘎国际机场,昆明长水国际机场,LXA,KMG,21:45,,2026-09-01,2026-10-24,,861
8L9798,宁波,丽江,19:20,1234567,2666,祥鹏航空,浙江,云南,宁波栎社国际机场,丽江三义国际机场,NGB,LJG,00:35,,2026-09-01,2026-10-24,,862
8L9798,宁波,贵阳,19:20,1234567,2666,祥鹏航空,浙江,贵州,宁波栎社国际机场,贵阳龙洞堡国际机场,NGB,KWE,21:55,,2026-09-01,2026-10-24,,863
8L9894,青岛,信阳,19:20,246,2666,祥鹏航空,山东,河南,青岛胶东国际机场,信阳明港机场,TAO,XAI,21:10,,2026-09-01,2026-10-24,,864
8L9894,青岛,昆明,19:20,246,2666,祥鹏航空,山东,云南,青岛胶东国际机场,昆明长水国际机场,TAO,KMG,00:30,,2026-09-01,2026-10-24,,865
GS6513,榆林,重庆,19:20,246,2666,天津航空,陕西,重庆,榆林榆阳机场,重庆江北国际机场,UYN,CKG,21:15,,2026-09-01,2026-10-24,,866
GS7586,安康,乌鲁木齐,19:20,246,2666,天津航空,陕西,新疆,安康富强机场,乌鲁木齐天山国际机场,AKA,URC,23:25,,2026-09-01,2026-10-24,,867
GS7630,榆林,西安,19:20,246,2666,天津航空,陕西,陕西,榆林榆阳机场,西安咸阳国际机场,UYN,XIY,21:00,9.29始,2026-09-29,2026-10-24,,868
GX7890,长沙,南宁,19:20,26,2666,北部湾航空,湖南,广西,长沙黄花国际机场,南宁吴圩国际机场,CSX,NNG,21:10,,2026-09-01,2026-10-24,,869
GX8804,重庆,榆林,19:20,1234567,2666,北部湾航空,重庆,陕西,重庆江北国际机场,榆林榆阳机场,CKG,UYN,21:05,,2026-09-01,2026-10-24,,870
GX8804,重庆,济南,19:20,1234567,2666,北部湾航空,重庆,山东,重庆江北国际机场,济南遥墙国际机场,CKG,TNA,23:20,,2026-09-01,2026-10-24,,871
GX8850,沈阳,南宁,19:20,246,2666,北部湾航空,辽宁,广西,沈阳桃仙国际机场,南宁吴圩国际机场,SHE,NNG,01:10,,2026-09-01,2026-10-24,,872
GX8850,沈阳,张家界,19:20,246,2666,北部湾航空,辽宁,湖南,沈阳桃仙国际机场,张家界荷花国际机场,SHE,DYG,22:50,,2026-09-01,2026-10-24,,873
GX8929,三亚,邯郸,19:20,246,2666,北部湾航空,海南,河北,三亚凤凰国际机场,邯郸机场,SYX,HDG,22:45,,2026-09-01,2026-10-24,,874
HU7363,三亚,南宁,19:20,23467,2666,海南航空,海南,广西,三亚凤凰国际机场,南宁吴圩国际机场,SYX,NNG,20:45,,2026-09-01,2026-10-24,,875
HU7746,徐州,深圳,19:20,1234567,2666,海南航空,江苏,广东,徐州观音国际机场,深圳宝安国际机场,XUZ,SZX,22:00,,2026-09-01,2026-10-24,,876
HU7772,温州,深圳,19:20,246,2666,海南航空,浙江,广东,温州龙湾国际机场,深圳宝安国际机场,WNZ,SZX,21:20,10.13始,2026-10-13,2026-10-24,,877
JD5088,盐城,丽江,19:20,246,2666,首都航空,江苏,云南,盐城南洋国际机场,丽江三义国际机场,YNZ,LJG,00:30,,2026-09-01,2026-10-24,,878
JD5088,盐城,贵阳,19:20,246,2666,首都航空,江苏,贵州,盐城南洋国际机场,贵阳龙洞堡国际机场,YNZ,KWE,22:05,,2026-09-01,2026-10-24,,879
JD5221,北京,二连浩特,19:20,1234567,2666,首都航空,北京,内蒙古,北京大兴国际机场,二连浩特赛乌素机场,PKX,ERL,20:40,,2026-09-01,2026-10-24,,880
JD5330,呼和浩特,武汉,19:20,1234567,2666,首都航空,内蒙古,湖北,呼和浩特白塔国际机场,武汉天河国际机场,HET,WUH,21:25,,2026-09-01,2026-10-24,,881
JD5330,呼和浩特,海口,19:20,1234567,2666,首都航空,内蒙古,海南,呼和浩特白塔国际机场,海口美兰国际机场,HET,HAK,01:15,,2026-09-01,2026-10-24,,882
JD5896,青岛,海口,19:20,246,2666,首都航空,山东,海南,青岛胶东国际机场,海口美兰国际机场,TAO,HAK,22:45,,2026-09-01,2026-10-24,,883
UQ3550,湛江,郑州,19:20,1234567,2666,乌鲁木齐航空,广东,河南,湛江吴川机场,郑州新郑国际机场,ZHA,CGO,22:05,,2026-09-01,2026-10-24,,884
Y87534,珠海,郑州,19:20,57,2666,金鹏航空,广东,河南,珠海金湾机场,郑州新郑国际机场,ZUH,CGO,21:50,仅9.25 9.27,,,2026-09-25|2026-09-27,885
8L9684,石家庄,成都,19:25,1234567,2666,祥鹏航空,河北,四川,石家庄正定国际机场,成都天府国际机场,SJW,TFU,22:05,,2026-09-01,2026-10-24,,886
9H6024,哈尔滨,西安,19:25,1234567,2666,长安航空,黑龙江,陕西,哈尔滨太平国际机场,西安咸阳国际机场,HRB,XIY,22:55,,2026-09-01,2026-10-24,,887
GS7659,西安,南京,19:25,1234567,2666,天津航空,陕西,江苏,西安咸阳国际机场,南京禄口国际机场,XIY,NKG,21:15,9.27止,2026-09-01,2026-09-27,,888
HU7830,武汉,乌鲁木齐,19:25,1234567,2666,海南航空,湖北,新疆,武汉天河国际机场,乌鲁木齐天山国际机场,WUH,URC,00:15,,2026-09-01,2026-10-24,,889
JD5257,石家庄,丽江,19:25,246,2666,首都航空,河北,云南,石家庄正定国际机场,丽江三义国际机场,SJW,LJG,22:30,,2026-09-01,2026-10-24,,890
PN6436,杭州,重庆,19:25,246,2666,西部航空,浙江,重庆,杭州萧山国际机场,重庆江北国际机场,HGH,CKG,22:00,,2026-09-01,2026-10-24,,891
8L9872,宁波,宜昌,19:30,1234567,2666,祥鹏航空,浙江,湖北,宁波栎社国际机场,宜昌三峡机场,NGB,YIH,21:35,,2026-09-01,2026-10-24,,892
8L9872,宁波,昆明,19:30,1234567,2666,祥鹏航空,浙江,云南,宁波栎社国际机场,昆明长水国际机场,NGB,KMG,00:10,,2026-09-01,2026-10-24,,893
8L9877,昆明,泉州,19:30,1234567,2666,祥鹏航空,云南,福建,昆明长水国际机场,泉州晋江国际机场,KMG,JJN,22:15,,2026-09-01,2026-10-24,,894
GS6410,烟台,大连,19:30,1357,2666,天津航空,山东,辽宁,烟台蓬莱国际机场,大连周水子国际机场,YNT,DLC,20:15,,2026-09-01,2026-10-24,,895
GS7458,大连,天津,19:30,246,2666,天津航空,辽宁,天津,大连周水子国际机场,天津滨海国际机场,DLC,TSN,20:45,,2026-09-01,2026-10-24,,896
GS7458,大连,榆林,19:30,246,2666,天津航空,辽宁,陕西,大连周水子国际机场,榆林榆阳机场,DLC,UYN,23:20,,2026-09-01,2026-10-24,,897
GX8814,天津,南宁,19:30,1357,2666,北部湾航空,天津,广西,天津滨海国际机场,南宁吴圩国际机场,TSN,NNG,22:55,,2026-09-01,2026-10-24,,898
GX8835,南宁,徐州,19:30,1357,2666,北部湾航空,广西,江苏,南宁吴圩国际机场,徐州观音国际机场,NNG,XUZ,21:55,,2026-09-01,2026-10-24,,899
GX8931,海口,泸州,19:30,1357,2666,北部湾航空,海南,四川,海口美兰国际机场,泸州云龙机场,HAK,LZO,21:35,,2026-09-01,2026-10-24,,900
HU6218,西安,北京,19:30,24,2666,海南航空,陕西,北京,西安咸阳国际机场,北京首都国际机场,XIY,PEK,22:00,,2026-09-01,2026-10-24,,901
HU7106,大连,北京,19:30,1234567,2666,海南航空,辽宁,北京,大连周水子国际机场,北京首都国际机场,DLC,PEK,21:00,9.23止,2026-09-01,2026-09-23,,902
HU7123,北京,鸡西,19:30,24,2666,海南航空,北京,黑龙江,北京首都国际机场,鸡西兴凯湖机场,PEK,JXA,22:00,,2026-09-01,2026-10-24,,903
HU7288,郑州,广州,19:30,246,2666,海南航空,河南,广东,郑州新郑国际机场,广州白云国际机场,CGO,CAN,22:15,,2026-09-01,2026-10-24,,904
HU7448,成都,北京,19:30,1234567,2666,海南航空,四川,北京,成都天府国际机场,北京首都国际机场,TFU,PEK,22:20,,2026-09-01,2026-10-24,,905
HU7550,昆明,西安,19:30,1234567,2666,海南航空,云南,陕西,昆明长水国际机场,西安咸阳国际机场,KMG,XIY,22:00,9.28~10.10,2026-09-28,2026-10-10,,906
HU7813,北京,广州,19:30,1234567,2666,海南航空,北京,广东,北京首都国际机场,广州白云国际机场,PEK,CAN,22:55,,2026-09-01,2026-10-24,,907
JD5015,海口,珠海,19:30,1357,2666,首都航空,海南,广东,海口美兰国际机场,珠海金湾机场,HAK,ZUH,21:00,9.30~10.7,2026-09-30,2026-10-07,,908
JD5289,杭州,深圳,19:30,1234567,2666,首都航空,浙江,广东,杭州萧山国际机场,深圳宝安国际机场,HGH,SZX,21:40,,2026-09-01,2026-10-24,,909
JD5678,满洲里,北京,19:30,1357,2666,首都航空,内蒙古,北京,满洲里西郊国际机场,北京大兴国际机场,NZH,PKX,21:55,10.12始,2026-10-12,2026-10-24,,910
UQ3610,博乐,喀纳斯,19:30,246,2666,乌鲁木齐航空,新疆,新疆,博乐阿拉山口机场,布尔津喀纳斯机场,BPL,KJI,20:55,,2026-09-01,2026-10-24,,911
Y87528,呼和浩特,深圳,19:30,1234567,2666,金鹏航空,内蒙古,广东,呼和浩特白塔国际机场,深圳宝安国际机场,HET,SZX,22:45,,2026-09-01,2026-10-24,,912
GS6502,南昌,榆林,19:35,1357,2666,天津航空,江西,陕西,南昌昌北国际机场,榆林榆阳机场,KHN,UYN,23:35,,2026-09-01,2026-10-24,,913
GS6502,南昌,济宁,19:35,1357,2666,天津航空,江西,山东,南昌昌北国际机场,济宁大安机场,KHN,JNG,21:15,,2026-09-01,2026-10-24,,914
GS7602,海口,西安,19:35,1357,2666,天津航空,海南,陕西,海口美兰国际机场,西安咸阳国际机场,HAK,XIY,23:45,,2026-09-01,2026-10-24,,915
GS7602,海口,遵义,19:35,1357,2666,天津航空,海南,贵州,海口美兰国际机场,遵义茅台机场,HAK,WMT,21:35,,2026-09-01,2026-10-24,,916
GS7658,丽水,西安,19:35,246,2666,天津航空,浙江,陕西,丽水机场,西安咸阳国际机场,LIJ,XIY,22:25,,2026-09-01,2026-10-24,,917
GS7718,银川,宜昌,19:35,246,2666,天津航空,宁夏,湖北,银川河东国际机场,宜昌三峡机场,INC,YIH,21:40,,2026-09-01,2026-10-24,,918
GS7718,银川,惠州,19:35,246,2666,天津航空,宁夏,广东,银川河东国际机场,惠州平潭机场,INC,HUZ,00:10,,2026-09-01,2026-10-24,,919
GS7926,广州,天津,19:35,246,2666,天津航空,广东,天津,广州白云国际机场,天津滨海国际机场,CAN,TSN,22:35,,2026-09-01,2026-10-24,,920
GX8870,兰州,南宁,19:35,246,2666,北部湾航空,甘肃,广西,兰州中川国际机场,南宁吴圩国际机场,LHW,NNG,23:40,,2026-09-01,2026-10-24,,921
GX8870,兰州,绵阳,19:35,246,2666,北部湾航空,甘肃,四川,兰州中川国际机场,绵阳南郊机场,LHW,MIG,20:55,,2026-09-01,2026-10-24,,922
GX8979,海口,万州,19:35,246,2666,北部湾航空,海南,重庆,海口美兰国际机场,万州五桥机场,HAK,WXN,21:45,,2026-09-01,2026-10-24,,923
HU7069,海口,南昌,19:35,1234567,2666,海南航空,海南,江西,海口美兰国际机场,南昌昌北国际机场,HAK,KHN,21:40,,2026-09-01,2026-10-24,,924
HU7312,南昌,三亚,19:35,34,2666,海南航空,江西,海南,南昌昌北国际机场,三亚凤凰国际机场,KHN,SYX,22:10,,2026-09-01,2026-10-24,,925
HU7517,长沙,乌鲁木齐,19:35,1234567,2666,海南航空,湖南,新疆,长沙黄花国际机场,乌鲁木齐天山国际机场,CSX,URC,00:20,,2026-09-01,2026-10-24,,926
HU7592,福州,西安,19:35,1234567,2666,海南航空,福建,陕西,福州长乐国际机场,西安咸阳国际机场,FOC,XIY,22:35,,2026-09-01,2026-10-24,,927
HU7730,大连,日照,19:35,246,2666,海南航空,辽宁,山东,大连周水子国际机场,日照山字河机场,DLC,RIZ,20:55,,2026-09-01,2026-10-24,,928
HU7730,大连,深圳,19:35,246,2666,海南航空,辽宁,广东,大连周水子国际机场,深圳宝安国际机场,DLC,SZX,01:20,,2026-09-01,2026-10-24,,929
HU7733,深圳,郑州,19:35,1234567,2666,海南航空,广东,河南,深圳宝安国际机场,郑州新郑国际机场,SZX,CGO,21:55,,2026-09-01,2026-10-24,,930
PN6418,揭阳,南京,19:35,246,2666,西部航空,广东,江苏,揭阳潮汕国际机场,南京禄口国际机场,SWA,NKG,22:00,,2026-09-01,2026-10-24,,931
UQ3578,乌鲁木齐,郑州,19:35,246,2666,乌鲁木齐航空,新疆,河南,乌鲁木齐天山国际机场,郑州新郑国际机场,URC,CGO,23:35,,2026-09-01,2026-10-24,,932
8L9640,西安,西双版纳,19:40,1234567,2666,祥鹏航空,陕西,云南,西安咸阳国际机场,西双版纳嘎洒国际机场,XIY,JHG,22:30,,2026-09-01,2026-10-24,,933
8L9856,南昌,昆明,19:40,1234567,2666,祥鹏航空,江西,云南,南昌昌北国际机场,昆明长水国际机场,KHN,KMG,21:50,,2026-09-01,2026-10-24,,934
8L9889,昆明,深圳,19:40,1357,2666,祥鹏航空,云南,广东,昆明长水国际机场,深圳宝安国际机场,KMG,SZX,21:55,,2026-09-01,2026-10-24,,935
CN7886,呼伦贝尔,北京,19:40,1234567,2666,大新华航空,内蒙古,北京,呼伦贝尔海拉尔东山国际机场,北京首都国际机场,HLD,PEK,22:00,,2026-09-01,2026-10-24,,936
GS6461,贵阳,厦门,19:40,246,2666,天津航空,贵州,福建,贵阳龙洞堡国际机场,厦门高崎国际机场,KWE,XMN,21:55,,2026-09-01,2026-10-24,,937
GS7558,阿勒泰,乌鲁木齐,19:40,246,2666,天津航空,新疆,新疆,阿勒泰雪都机场,乌鲁木齐天山国际机场,AAT,URC,21:15,9.8~9.29,2026-09-08,2026-09-29,,938
GS7594,榆林,乌鲁木齐,19:40,1357,2666,天津航空,陕西,新疆,榆林榆阳机场,乌鲁木齐天山国际机场,UYN,URC,22:50,,2026-09-01,2026-10-24,,939
GX8848,沈阳,南宁,19:40,1357,2666,北部湾航空,辽宁,广西,沈阳桃仙国际机场,南宁吴圩国际机场,SHE,NNG,01:20,,2026-09-01,2026-10-24,,940
GX8848,沈阳,宜昌,19:40,1357,2666,北部湾航空,辽宁,湖北,沈阳桃仙国际机场,宜昌三峡机场,SHE,YIH,22:50,,2026-09-01,2026-10-24,,941
GX8890,兰州,庆阳,19:40,1357,2666,北部湾航空,甘肃,甘肃,兰州中川国际机场,庆阳西峰机场,LHW,IQN,20:45,,2026-09-01,2026-10-24,,942
GX8890,兰州,海口,19:40,1357,2666,北部湾航空,甘肃,海南,兰州中川国际机场,海口美兰国际机场,LHW,HAK,00:40,,2026-09-01,2026-10-24,,943
HU7048,厦门,海口,19:40,1234567,2666,海南航空,福建,海南,厦门高崎国际机场,海口美兰国际机场,XMN,HAK,21:45,,2026-09-01,2026-10-24,,944
HU7653,海口,泉州,19:40,157,2666,海南航空,海南,福建,海口美兰国际机场,泉州晋江国际机场,HAK,JJN,21:40,,2026-09-01,2026-10-24,,945
HU7787,长沙,宁波,19:40,1234567,2666,海南航空,湖南,浙江,长沙黄花国际机场,宁波栎社国际机场,CSX,NGB,21:20,,2026-09-01,2026-10-24,,946
HU7856,呼和浩特,乌鲁木齐,19:40,1234567,2666,海南航空,内蒙古,新疆,呼和浩特白塔国际机场,乌鲁木齐天山国际机场,HET,URC,23:10,,2026-09-01,2026-10-24,,947
PN6233,郑州,厦门,19:40,1234567,2666,西部航空,河南,福建,郑州新郑国际机场,厦门高崎国际机场,CGO,XMN,22:05,,2026-09-01,2026-10-24,,948
PN6276,哈尔滨,重庆,19:40,1234567,2666,西部航空,黑龙江,重庆,哈尔滨太平国际机场,重庆江北国际机场,HRB,CKG,01:50,,2026-09-01,2026-10-24,,949
PN6276,哈尔滨,青岛,19:40,1234567,2666,西部航空,黑龙江,山东,哈尔滨太平国际机场,青岛胶东国际机场,HRB,TAO,21:50,,2026-09-01,2026-10-24,,950
PN6281,郑州,泉州,19:40,1234567,2666,西部航空,河南,福建,郑州新郑国际机场,泉州晋江国际机场,CGO,JJN,21:50,,2026-09-01,2026-10-24,,951
PN6311,郑州,深圳,19:40,1234567,2666,西部航空,河南,广东,郑州新郑国际机场,深圳宝安国际机场,CGO,SZX,22:10,,2026-09-01,2026-10-24,,952
UQ3508,哈密,郑州,19:40,1357,2666,乌鲁木齐航空,新疆,河南,哈密伊州机场,郑州新郑国际机场,HMI,CGO,23:00,,2026-09-01,2026-10-24,,953
Y87586,武汉,青岛,19:40,246,2666,金鹏航空,湖北,山东,武汉天河国际机场,青岛胶东国际机场,WUH,TAO,21:35,,2026-09-01,2026-10-24,,954
8L9567,昆明,乌鲁木齐,19:45,2,2666,祥鹏航空,云南,新疆,昆明长水国际机场,乌鲁木齐天山国际机场,KMG,URC,01:50,,2026-09-01,2026-10-24,,955
8L9567,昆明,兰州,19:45,2,2666,祥鹏航空,云南,甘肃,昆明长水国际机场,兰州中川国际机场,KMG,LHW,22:15,,2026-09-01,2026-10-24,,956
GS6534,惠州,海口,19:45,246,2666,天津航空,广东,海南,惠州平潭机场,海口美兰国际机场,HUZ,HAK,21:10,9.29~10.10,2026-09-29,2026-10-10,,957
GS6582,杭州,重庆,19:45,1234567,2666,天津航空,浙江,重庆,杭州萧山国际机场,重庆江北国际机场,HGH,CKG,22:25,,2026-09-01,2026-10-24,,958
GS6630,呼伦贝尔,乌兰浩特,19:45,1357,2666,天津航空,内蒙古,内蒙古,呼伦贝尔海拉尔东山国际机场,乌兰浩特义勒力特机场,HLD,HLH,21:00,,2026-09-01,2026-10-24,,959
GS6630,呼伦贝尔,呼和浩特,19:45,1357,2666,天津航空,内蒙古,内蒙古,呼伦贝尔海拉尔东山国际机场,呼和浩特白塔国际机场,HLD,HET,23:20,,2026-09-01,2026-10-24,,960
GS7712,石家庄,惠州,19:45,1357,2666,天津航空,河北,广东,石家庄正定国际机场,惠州平潭机场,SJW,HUZ,00:15,,2026-09-01,2026-10-24,,961
GS7712,石家庄,盐城,19:45,1357,2666,天津航空,河北,江苏,石家庄正定国际机场,盐城南洋国际机场,SJW,YNZ,21:20,,2026-09-01,2026-10-24,,962
GS7870,三亚,天津,19:45,1357,2666,天津航空,海南,天津,三亚凤凰国际机场,天津滨海国际机场,SYX,TSN,00:55,,2026-09-01,2026-10-24,,963
GS7870,三亚,宜昌,19:45,1357,2666,天津航空,海南,湖北,三亚凤凰国际机场,宜昌三峡机场,SYX,YIH,22:05,,2026-09-01,2026-10-24,,964
HU7241,广州,重庆,19:45,1234567,2666,海南航空,广东,重庆,广州白云国际机场,重庆江北国际机场,CAN,CKG,21:55,,2026-09-01,2026-10-24,,965
HU7628,天津,哈尔滨,19:45,1234567,2666,海南航空,天津,黑龙江,天津滨海国际机场,哈尔滨太平国际机场,TSN,HRB,21:55,,2026-09-01,2026-10-24,,966
HU7773,深圳,贵阳,19:45,1234567,2666,海南航空,广东,贵州,深圳宝安国际机场,贵阳龙洞堡国际机场,SZX,KWE,21:45,,2026-09-01,2026-10-24,,967
JD5106,厦门,西安,19:45,1357,2666,首都航空,福建,陕西,厦门高崎国际机场,西安咸阳国际机场,XMN,XIY,00:10,,2026-09-01,2026-10-24,,968
JD5106,厦门,黄山,19:45,1357,2666,首都航空,福建,安徽,厦门高崎国际机场,黄山屯溪国际机场,XMN,TXN,21:10,,2026-09-01,2026-10-24,,969
JD5920,大理,北京,19:45,1234567,2666,首都航空,云南,北京,大理凤仪机场,北京大兴国际机场,DLU,PKX,23:00,,2026-09-01,2026-10-24,,970
PN6239,重庆,丽江,19:45,1234567,2666,西部航空,重庆,云南,重庆江北国际机场,丽江三义国际机场,CKG,LJG,21:30,,2026-09-01,2026-10-24,,971
PN6365,郑州,揭阳,19:45,1234567,2666,西部航空,河南,广东,郑州新郑国际机场,揭阳潮汕国际机场,CGO,SWA,22:10,,2026-09-01,2026-10-24,,972
PN6451,郑州,广州,19:45,1234567,2666,西部航空,河南,广东,郑州新郑国际机场,广州白云国际机场,CGO,CAN,22:00,,2026-09-01,2026-10-24,,973
UQ3520,兰州,郑州,19:45,246,2666,乌鲁木齐航空,甘肃,河南,兰州中川国际机场,郑州新郑国际机场,LHW,CGO,22:00,,2026-09-01,2026-10-24,,974
8L9560,杭州,昆明,19:50,1234567,2666,祥鹏航空,浙江,云南,杭州萧山国际机场,昆明长水国际机场,HGH,KMG,23:00,,2026-09-01,2026-10-24,,975
8L9710,青岛,成都,19:50,1357,2666,祥鹏航空,山东,四川,青岛胶东国际机场,成都天府国际机场,TAO,TFU,22:50,,2026-09-01,2026-10-24,,976
8L9744,济南,大理,19:50,246,2666,祥鹏航空,山东,云南,济南遥墙国际机场,大理凤仪机场,TNA,DLU,00:35,,2026-09-01,2026-10-24,,977
8L9744,济南,泸州,19:50,246,2666,祥鹏航空,山东,四川,济南遥墙国际机场,泸州云龙机场,TNA,LZO,22:30,,2026-09-01,2026-10-24,,978
FU6598,长沙,哈尔滨,19:50,15,2666,福州航空,湖南,黑龙江,长沙黄花国际机场,哈尔滨太平国际机场,CSX,HRB,23:40,,2026-09-01,2026-10-24,,979
GS6424,淮安,大连,19:50,1357,2666,天津航空,江苏,辽宁,淮安涟水国际机场,大连周水子国际机场,HIA,DLC,21:20,,2026-09-01,2026-10-24,,980
GS6453,西宁,海口,19:50,1234567,2666,天津航空,青海,海南,西宁曹家堡国际机场,海口美兰国际机场,XNN,HAK,00:30,,2026-09-01,2026-10-24,,981
GS6453,西宁,贵阳,19:50,1234567,2666,天津航空,青海,贵州,西宁曹家堡国际机场,贵阳龙洞堡国际机场,XNN,KWE,21:50,,2026-09-01,2026-10-24,,982
GS7590,呼和浩特,乌鲁木齐,19:50,246,2666,天津航空,内蒙古,新疆,呼和浩特白塔国际机场,乌鲁木齐天山国际机场,HET,URC,23:20,,2026-09-01,2026-10-24,,983
GS7596,成都,乌鲁木齐,19:50,1234567,2666,天津航空,四川,新疆,成都天府国际机场,乌鲁木齐天山国际机场,TFU,URC,23:25,,2026-09-01,2026-10-24,,984
GX8818,大连,南宁,19:50,246,2666,北部湾航空,辽宁,广西,大连周水子国际机场,南宁吴圩国际机场,DLC,NNG,01:00,,2026-09-01,2026-10-24,,985
GX8818,大连,洛阳,19:50,246,2666,北部湾航空,辽宁,河南,大连周水子国际机场,洛阳北郊机场,DLC,LYA,21:55,,2026-09-01,2026-10-24,,986
GX8874,襄阳,南宁,19:50,57,2666,北部湾航空,湖北,广西,襄阳刘集机场,南宁吴圩国际机场,XFN,NNG,22:00,,2026-09-01,2026-10-24,,987
HU7319,海口,上海,19:50,1234567,2666,海南航空,海南,上海,海口美兰国际机场,上海虹桥国际机场,HAK,SHA,23:05,,2026-09-01,2026-10-24,,988
HU7776,大连,太原,19:50,1357,2666,海南航空,辽宁,山西,大连周水子国际机场,太原武宿国际机场,DLC,TYN,21:35,,2026-09-01,2026-10-24,,989
HU7776,大连,深圳,19:50,1357,2666,海南航空,辽宁,广东,大连周水子国际机场,深圳宝安国际机场,DLC,SZX,01:20,,2026-09-01,2026-10-24,,990
JD5026,天津,大理,19:50,246,2666,首都航空,天津,云南,天津滨海国际机场,大理凤仪机场,TSN,DLU,23:30,,2026-09-01,2026-10-24,,991
JD5181,北京,丽江,19:50,1234567,2666,首都航空,北京,云南,北京大兴国际机场,丽江三义国际机场,PKX,LJG,23:10,,2026-09-01,2026-10-24,,992
JD5788,西双版纳,杭州,19:50,1234,2666,首都航空,云南,浙江,西双版纳嘎洒国际机场,杭州萧山国际机场,JHG,HGH,23:15,,2026-09-01,2026-10-24,,993
PN6336,贵阳,济南,19:50,1234567,2666,西部航空,贵州,山东,贵阳龙洞堡国际机场,济南遥墙国际机场,KWE,TNA,22:30,,2026-09-01,2026-10-24,,994
8L9572,南京,昆明,19:55,246,2666,祥鹏航空,江苏,云南,南京禄口国际机场,昆明长水国际机场,NKG,KMG,00:50,,2026-09-01,2026-10-24,,995
8L9572,南京,赣州,19:55,246,2666,祥鹏航空,江苏,江西,南京禄口国际机场,赣州黄金机场,NKG,KOW,21:50,,2026-09-01,2026-10-24,,996
8L9980,深圳,昆明,19:55,1234567,2666,祥鹏航空,广东,云南,深圳宝安国际机场,昆明长水国际机场,SZX,KMG,22:25,,2026-09-01,2026-10-24,,997
9H8438,杭州,贵阳,19:55,246,2666,长安航空,浙江,贵州,杭州萧山国际机场,贵阳龙洞堡国际机场,HGH,KWE,22:30,9.22止,2026-09-01,2026-09-22,,998
FU6764,西安,张家界,19:55,246,2666,福州航空,陕西,湖南,西安咸阳国际机场,张家界荷花国际机场,XIY,DYG,21:15,,2026-09-01,2026-10-24,,999
FU6764,西安,福州,19:55,246,2666,福州航空,陕西,福建,西安咸阳国际机场,福州长乐国际机场,XIY,FOC,00:10,,2026-09-01,2026-10-24,,1000
GS6413,大连,呼和浩特,19:55,1357,2666,天津航空,辽宁,内蒙古,大连周水子国际机场,呼和浩特白塔国际机场,DLC,HET,23:45,,2026-09-01,2026-10-24,,1001
GS6413,大连,天津,19:55,1357,2666,天津航空,辽宁,天津,大连周水子国际机场,天津滨海国际机场,DLC,TSN,21:25,,2026-09-01,2026-10-24,,1002
GS6561,海口,南宁,19:55,135,2666,天津航空,海南,广西,海口美兰国际机场,南宁吴圩国际机场,HAK,NNG,21:00,,2026-09-01,2026-10-24,,1003
GS7665,重庆,西安,19:55,357,2666,天津航空,重庆,陕西,重庆江北国际机场,西安咸阳国际机场,CKG,XIY,21:20,,2026-09-01,2026-10-24,,1004
GX8816,淮安,海口,19:55,246,2666,北部湾航空,江苏,海南,淮安涟水国际机场,海口美兰国际机场,HIA,HAK,00:15,,2026-09-01,2026-10-24,,1005
GX8816,淮安,珠海,19:55,246,2666,北部湾航空,江苏,广东,淮安涟水国际机场,珠海金湾机场,HIA,ZUH,22:20,,2026-09-01,2026-10-24,,1006
HU7056,杭州,海口,19:55,1234567,2666,海南航空,浙江,海南,杭州萧山国际机场,海口美兰国际机场,HGH,HAK,22:40,9.24始,2026-09-24,2026-10-24,,1007
HU7202,宜春,广州,19:55,246,2666,海南航空,江西,广东,宜春明月山机场,广州白云国际机场,YIC,CAN,21:30,,2026-09-01,2026-10-24,,1008
HU7224,乌鲁木齐,广州,19:55,1234567,2666,海南航空,新疆,广东,乌鲁木齐天山国际机场,广州白云国际机场,URC,CAN,01:10,10.8止,2026-09-01,2026-10-08,,1009
HU7249,广州,太原,19:55,1357,2666,海南航空,广东,山西,广州白云国际机场,太原武宿国际机场,CAN,TYN,23:00,,2026-09-01,2026-10-24,,1010
HU7367,北京,重庆,19:55,367,2666,海南航空,北京,重庆,北京首都国际机场,重庆江北国际机场,PEK,CKG,22:40,9.23止,2026-09-01,2026-09-23,,1011
HU7760,哈尔滨,深圳,19:55,1234567,2666,海南航空,黑龙江,广东,哈尔滨太平国际机场,深圳宝安国际机场,HRB,SZX,00:40,,2026-09-01,2026-10-24,,1012
HU7822,济南,乌鲁木齐,19:55,246,2666,海南航空,山东,新疆,济南遥墙国际机场,乌鲁木齐天山国际机场,TNA,URC,00:35,,2026-09-01,2026-10-24,,1013
HU7878,三亚,西安,19:55,1234567,2666,海南航空,海南,陕西,三亚凤凰国际机场,西安咸阳国际机场,SYX,XIY,23:10,,2026-09-01,2026-10-24,,1014
JD5115,丽江,成都,19:55,246,2666,首都航空,云南,四川,丽江三义国际机场,成都天府国际机场,LJG,TFU,21:15,,2026-09-01,2026-10-24,,1015
JD5148,西双版纳,西安,19:55,1234567,2666,首都航空,云南,陕西,西双版纳嘎洒国际机场,西安咸阳国际机场,JHG,XIY,22:30,,2026-09-01,2026-10-24,,1016
JD5348,长春,广州,19:55,1234567,2666,首都航空,吉林,广东,长春龙嘉国际机场,广州白云国际机场,CGQ,CAN,01:30,,2026-09-01,2026-10-24,,1017
JD5348,长春,石家庄,19:55,1234567,2666,首都航空,吉林,河北,长春龙嘉国际机场,石家庄正定国际机场,CGQ,SJW,21:55,,2026-09-01,2026-10-24,,1018
JD5578,三亚,北京,19:55,57,2666,首都航空,海南,北京,三亚凤凰国际机场,北京大兴国际机场,SYX,PKX,23:40,,2026-09-01,2026-10-24,,1019
PN6321,合肥,深圳,19:55,1234567,2666,西部航空,安徽,广东,合肥新桥国际机场,深圳宝安国际机场,HFE,SZX,22:35,,2026-09-01,2026-10-24,,1020
PN6353,昆明,南京,19:55,1357,2666,西部航空,云南,江苏,昆明长水国际机场,南京禄口国际机场,KMG,NKG,22:40,,2026-09-01,2026-10-24,,1021
PN6485,重庆,泉州,19:55,1357,2666,西部航空,重庆,福建,重庆江北国际机场,泉州晋江国际机场,CKG,JJN,22:20,,2026-09-01,2026-10-24,,1022
UQ2524,洛阳,乌鲁木齐,19:55,1357,2666,乌鲁木齐航空,河南,新疆,洛阳北郊机场,乌鲁木齐天山国际机场,LYA,URC,00:05,,2026-09-01,2026-10-24,,1023
UQ2581,乌鲁木齐,喀什,19:55,246,2666,乌鲁木齐航空,新疆,新疆,乌鲁木齐天山国际机场,喀什徕宁国际机场,URC,KHG,22:00,,2026-09-01,2026-10-24,,1024
UQ3511,阜阳,乌鲁木齐,19:55,246,2666,乌鲁木齐航空,安徽,新疆,阜阳西关机场,乌鲁木齐天山国际机场,FUG,URC,00:15,,2026-09-01,2026-10-24,,1025
Y87542,绵阳,济南,19:55,1234567,2666,金鹏航空,四川,山东,绵阳南郊机场,济南遥墙国际机场,MIG,TNA,21:55,,2026-09-01,2026-10-24,,1026
8L9930,石家庄,大理,20:00,246,666/2666,祥鹏航空,河北,云南,石家庄正定国际机场,大理凤仪机场,SJW,DLU,00:35,,2026-09-01,2026-10-24,,1027
8L9930,石家庄,泸州,20:00,246,666/2666,祥鹏航空,河北,四川,石家庄正定国际机场,泸州云龙机场,SJW,LZO,22:40,,2026-09-01,2026-10-24,,1028
8L9973,昆明,海口,20:00,1234567,666/2666,祥鹏航空,云南,海南,昆明长水国际机场,海口美兰国际机场,KMG,HAK,21:50,,2026-09-01,2026-10-24,,1029
FU6794,陇南,厦门,20:00,246,666/2666,福州航空,甘肃,福建,陇南成县机场,厦门高崎国际机场,LNL,XMN,22:55,,2026-09-01,2026-10-24,,1030
GS6411,大连,烟台,20:00,246,666/2666,天津航空,辽宁,山东,大连周水子国际机场,烟台蓬莱国际机场,DLC,YNT,20:45,,2026-09-01,2026-10-24,,1031
GS6515,贵阳,榆林,20:00,1,666/2666,天津航空,贵州,陕西,贵阳龙洞堡国际机场,榆林榆阳机场,KWE,UYN,22:20,,2026-09-01,2026-10-24,,1032
GS6686,赤峰,呼和浩特,20:00,246,666/2666,天津航空,内蒙古,内蒙古,赤峰玉龙机场,呼和浩特白塔国际机场,CIF,HET,21:25,,2026-09-01,2026-10-24,,1033
GS7424,青岛,赤峰,20:00,246,666/2666,天津航空,山东,内蒙古,青岛胶东国际机场,赤峰玉龙机场,TAO,CIF,21:35,,2026-09-01,2026-10-24,,1034
GS7631,西安,唐山,20:00,1357,666/2666,天津航空,陕西,河北,西安咸阳国际机场,唐山三女河机场,XIY,TVS,21:55,9.28~10.9,2026-09-28,2026-10-09,,1035
GX8912,西安,毕节,20:00,246,666/2666,北部湾航空,陕西,贵州,西安咸阳国际机场,毕节飞雄机场,XIY,BFJ,22:00,,2026-09-01,2026-10-24,,1036
GX8912,西安,海口,20:00,246,666/2666,北部湾航空,陕西,海南,西安咸阳国际机场,海口美兰国际机场,XIY,HAK,00:30,,2026-09-01,2026-10-24,,1037
GX8919,济南,十堰,20:00,1357,666/2666,北部湾航空,山东,湖北,济南遥墙国际机场,十堰武当山机场,TNA,WDS,21:45,,2026-09-01,2026-10-24,,1038
GX8919,济南,南宁,20:00,1357,666/2666,北部湾航空,山东,广西,济南遥墙国际机场,南宁吴圩国际机场,TNA,NNG,00:40,,2026-09-01,2026-10-24,,1039
HU6394,珠海,重庆,20:00,1234567,666/2666,海南航空,广东,重庆,珠海金湾机场,重庆江北国际机场,ZUH,CKG,22:20,,2026-09-01,2026-10-24,,1040
HU7085,海口,成都,20:00,1234567,666/2666,海南航空,海南,四川,海口美兰国际机场,成都天府国际机场,HAK,TFU,22:25,9.26~10.9,2026-09-26,2026-10-09,,1041
HU7133,北京,榆林,20:00,146,666/2666,海南航空,北京,陕西,北京首都国际机场,榆林榆阳机场,PEK,UYN,21:40,,2026-09-01,2026-10-24,,1042
HU7193,北京,霍林郭勒,20:00,1357,666/2666,海南航空,北京,内蒙古,北京首都国际机场,霍林河机场,PEK,HUO,21:40,,2026-09-01,2026-10-24,,1043
HU7204,沈阳,合肥,20:00,1234567,666/2666,海南航空,辽宁,安徽,沈阳桃仙国际机场,合肥新桥国际机场,SHE,HFE,22:45,,2026-09-01,2026-10-24,,1044
HU7204,沈阳,广州,20:00,1234567,666/2666,海南航空,辽宁,广东,沈阳桃仙国际机场,广州白云国际机场,SHE,CAN,01:40,,2026-09-01,2026-10-24,,1045
HU7224,乌鲁木齐,广州,20:00,1234567,666/2666,海南航空,新疆,广东,乌鲁木齐天山国际机场,广州白云国际机场,URC,CAN,01:10,10.9始,2026-10-09,2026-10-24,,1046
HU7246,乌鲁木齐,北京,20:00,1234567,666/2666,海南航空,新疆,北京,乌鲁木齐天山国际机场,北京首都国际机场,URC,PEK,23:50,,2026-09-01,2026-10-24,,1047
HU7290,贵阳,北京,20:00,1357,666/2666,海南航空,贵州,北京,贵阳龙洞堡国际机场,北京首都国际机场,KWE,PEK,23:00,,2026-09-01,2026-10-24,,1048
HU7301,三亚,成都,20:00,1234567,666/2666,海南航空,海南,四川,三亚凤凰国际机场,成都天府国际机场,SYX,TFU,22:40,,2026-09-01,2026-10-24,,1049
HU7367,北京,重庆,20:00,1234567,666/2666,海南航空,北京,重庆,北京首都国际机场,重庆江北国际机场,PEK,CKG,22:40,,2026-09-01,2026-10-24,,1050
HU7488,长春,杭州,20:00,1234567,666/2666,海南航空,吉林,浙江,长春龙嘉国际机场,杭州萧山国际机场,CGQ,HGH,22:55,,2026-09-01,2026-10-24,,1051
HU7653,海口,泉州,20:00,2346,666/2666,海南航空,海南,福建,海口美兰国际机场,泉州晋江国际机场,HAK,JJN,21:55,,2026-09-01,2026-10-24,,1052
HU7656,合肥,太原,20:00,1234567,666/2666,海南航空,安徽,山西,合肥新桥国际机场,太原武宿国际机场,HFE,TYN,22:00,,2026-09-01,2026-10-24,,1053
HU7672,西宁,呼和浩特,20:00,1357,666/2666,海南航空,青海,内蒙古,西宁曹家堡国际机场,呼和浩特白塔国际机场,XNN,HET,21:50,,2026-09-01,2026-10-24,,1054
HU7672,西宁,大连,20:00,1357,666/2666,海南航空,青海,辽宁,西宁曹家堡国际机场,大连周水子国际机场,XNN,DLC,00:40,,2026-09-01,2026-10-24,,1055
HU7842,上海,西安,20:00,1234567,666/2666,海南航空,上海,陕西,上海浦东国际机场,西安咸阳国际机场,PVG,XIY,23:00,,2026-09-01,2026-10-24,,1056
HU7858,广州,西安,20:00,1234567,666/2666,海南航空,广东,陕西,广州白云国际机场,西安咸阳国际机场,CAN,XIY,22:45,,2026-09-01,2026-10-24,,1057
HU7878,三亚,西安,20:00,13567,666/2666,海南航空,海南,陕西,三亚凤凰国际机场,西安咸阳国际机场,SYX,XIY,23:10,9.12~9.23,2026-09-12,2026-09-23,,1058
JD5086,济南,丽江,20:00,1357,666/2666,首都航空,山东,云南,济南遥墙国际机场,丽江三义国际机场,TNA,LJG,23:10,9.9始,2026-09-09,2026-10-24,,1059
JD5162,成都,广州,20:00,1234567,666/2666,首都航空,四川,广东,成都天府国际机场,广州白云国际机场,TFU,CAN,22:20,,2026-09-01,2026-10-24,,1060
JD5264,南昌,三亚,20:00,1357,666/2666,首都航空,江西,海南,南昌昌北国际机场,三亚凤凰国际机场,KHN,SYX,22:15,,2026-09-01,2026-10-24,,1061
PN6488,喀什,郑州,20:00,246,666/2666,西部航空,新疆,河南,喀什徕宁国际机场,郑州新郑国际机场,KHG,CGO,00:50,,2026-09-01,2026-10-24,,1062
8L9572,南京,昆明,20:05,1357,666/2666,祥鹏航空,江苏,云南,南京禄口国际机场,昆明长水国际机场,NKG,KMG,00:55,,2026-09-01,2026-10-24,,1063
8L9572,南京,赣州,20:05,1357,666/2666,祥鹏航空,江苏,江西,南京禄口国际机场,赣州黄金机场,NKG,KOW,21:50,,2026-09-01,2026-10-24,,1064
FU6714,呼和浩特,厦门,20:05,1357,666/2666,福州航空,内蒙古,福建,呼和浩特白塔国际机场,厦门高崎国际机场,HET,XMN,22:55,,2026-09-01,2026-10-24,,1065
FU6738,西安,福州,20:05,1357,666/2666,福州航空,陕西,福建,西安咸阳国际机场,福州长乐国际机场,XIY,FOC,22:40,,2026-09-01,2026-10-24,,1066
GS6413,大连,呼和浩特,20:05,246,666/2666,天津航空,辽宁,内蒙古,大连周水子国际机场,呼和浩特白塔国际机场,DLC,HET,23:45,,2026-09-01,2026-10-24,,1067
GS6413,大连,天津,20:05,246,666/2666,天津航空,辽宁,天津,大连周水子国际机场,天津滨海国际机场,DLC,TSN,21:25,,2026-09-01,2026-10-24,,1068
GS6676,青岛,石家庄,20:05,1357,666/2666,天津航空,山东,河北,青岛胶东国际机场,石家庄正定国际机场,TAO,SJW,23:35,,2026-09-01,2026-10-24,,1069
GS6676,青岛,赤峰,20:05,1357,666/2666,天津航空,山东,内蒙古,青岛胶东国际机场,赤峰玉龙机场,TAO,CIF,21:35,,2026-09-01,2026-10-24,,1070
GS6698,天津,呼伦贝尔,20:05,1234567,666/2666,天津航空,天津,内蒙古,天津滨海国际机场,呼伦贝尔海拉尔东山国际机场,TSN,HLD,22:35,,2026-09-01,2026-10-24,,1071
GS7460,珠海,南昌,20:05,1357,666/2666,天津航空,广东,江西,珠海金湾机场,南昌昌北国际机场,ZUH,KHN,21:40,,2026-09-01,2026-10-24,,1072
GS7460,珠海,榆林,20:05,1357,666/2666,天津航空,广东,陕西,珠海金湾机场,榆林榆阳机场,ZUH,UYN,00:45,,2026-09-01,2026-10-24,,1073
GS7578,天津,乌鲁木齐,20:05,1234567,666/2666,天津航空,天津,新疆,天津滨海国际机场,乌鲁木齐天山国际机场,TSN,URC,00:40,9.28~10.10,2026-09-28,2026-10-10,,1074
GS7624,榆林,西安,20:05,1357,666/2666,天津航空,陕西,陕西,榆林榆阳机场,西安咸阳国际机场,UYN,XIY,21:20,,2026-09-01,2026-10-24,,1075
GS7818,厦门,天津,20:05,246,666/2666,天津航空,福建,天津,厦门高崎国际机场,天津滨海国际机场,XMN,TSN,00:45,,2026-09-01,2026-10-24,,1076
GS7818,厦门,宜昌,20:05,246,666/2666,天津航空,福建,湖北,厦门高崎国际机场,宜昌三峡机场,XMN,YIH,22:05,,2026-09-01,2026-10-24,,1077
HU7098,延安,海口,20:05,246,666/2666,海南航空,陕西,海南,延安南泥湾机场,海口美兰国际机场,ENY,HAK,23:20,,2026-09-01,2026-10-24,,1078
HU7374,合肥,三亚,20:05,1234567,666/2666,海南航空,安徽,海南,合肥新桥国际机场,三亚凤凰国际机场,HFE,SYX,22:55,,2026-09-01,2026-10-24,,1079
HU7822,济南,乌鲁木齐,20:05,1357,666/2666,海南航空,山东,新疆,济南遥墙国际机场,乌鲁木齐天山国际机场,TNA,URC,00:35,,2026-09-01,2026-10-24,,1080
8L9664,乌鲁木齐,成都,20:10,1234567,666/2666,祥鹏航空,新疆,四川,乌鲁木齐天山国际机场,成都天府国际机场,URC,TFU,23:50,,2026-09-01,2026-10-24,,1081
8L9988,北京,昆明,20:10,1234567,666/2666,祥鹏航空,北京,云南,北京首都国际机场,昆明长水国际机场,PEK,KMG,23:50,,2026-09-01,2026-10-24,,1082
9H8350,长春,西安,20:10,1234567,666/2666,长安航空,吉林,陕西,长春龙嘉国际机场,西安咸阳国际机场,CGQ,XIY,23:45,,2026-09-01,2026-10-24,,1083
GS6410,烟台,大连,20:10,246,666/2666,天津航空,山东,辽宁,烟台蓬莱国际机场,大连周水子国际机场,YNT,DLC,21:00,,2026-09-01,2026-10-24,,1084
GS6588,敦煌,重庆,20:10,1357,666/2666,天津航空,甘肃,重庆,敦煌莫高国际机场,重庆江北国际机场,DNH,CKG,23:05,,2026-09-01,2026-10-24,,1085
GS7524,西安,乌鲁木齐,20:10,246,666/2666,天津航空,陕西,新疆,西安咸阳国际机场,乌鲁木齐天山国际机场,XIY,URC,23:35,,2026-09-01,2026-10-24,,1086
GS7659,西安,南京,20:10,1234567,666/2666,天津航空,陕西,江苏,西安咸阳国际机场,南京禄口国际机场,XIY,NKG,21:55,9.28始,2026-09-28,2026-10-24,,1087
GS7690,西安,乌鲁木齐,20:10,1357,666/2666,天津航空,陕西,新疆,西安咸阳国际机场,乌鲁木齐天山国际机场,XIY,URC,23:35,,2026-09-01,2026-10-24,,1088
HU7102,沈阳,重庆,20:10,1234567,666/2666,海南航空,辽宁,重庆,沈阳桃仙国际机场,重庆江北国际机场,SHE,CKG,00:20,,2026-09-01,2026-10-24,,1089
HU7565,海口,柳州,20:10,246,666/2666,海南航空,海南,广西,海口美兰国际机场,柳州白莲机场,HAK,LZH,21:25,,2026-09-01,2026-10-24,,1090
HU7565,海口,西安,20:10,246,666/2666,海南航空,海南,陕西,海口美兰国际机场,西安咸阳国际机场,HAK,XIY,00:25,,2026-09-01,2026-10-24,,1091
HU7716,深圳,北京,20:10,1234567,666/2666,海南航空,广东,北京,深圳宝安国际机场,北京首都国际机场,SZX,PEK,23:25,,2026-09-01,2026-10-24,,1092
JD5578,三亚,北京,20:10,12346,666/2666,首都航空,海南,北京,三亚凤凰国际机场,北京大兴国际机场,SYX,PKX,23:55,,2026-09-01,2026-10-24,,1093
JD5666,上海,丽江,20:10,1234567,666/2666,首都航空,上海,云南,上海浦东国际机场,丽江三义国际机场,PVG,LJG,23:50,,2026-09-01,2026-10-24,,1094
JD5690,贵阳,宜昌,20:10,1234567,666/2666,首都航空,贵州,湖北,贵阳龙洞堡国际机场,宜昌三峡机场,KWE,YIH,21:45,,2026-09-01,2026-10-24,,1095
JD5690,贵阳,杭州,20:10,1234567,666/2666,首都航空,贵州,浙江,贵阳龙洞堡国际机场,杭州萧山国际机场,KWE,HGH,00:35,,2026-09-01,2026-10-24,,1096
PN6231,重庆,北海,20:10,1246,666/2666,西部航空,重庆,广西,重庆江北国际机场,北海福成机场,CKG,BHY,22:05,,2026-09-01,2026-10-24,,1097
PN6236,福州,安庆,20:10,246,666/2666,西部航空,福建,安徽,福州长乐国际机场,安庆天柱山机场,FOC,AQG,21:35,,2026-09-01,2026-10-24,,1098
PN6236,福州,重庆,20:10,246,666/2666,西部航空,福建,重庆,福州长乐国际机场,重庆江北国际机场,FOC,CKG,00:30,,2026-09-01,2026-10-24,,1099
PN6250,阿克苏,郑州,20:10,1234567,666/2666,西部航空,新疆,河南,阿克苏红旗坡机场,郑州新郑国际机场,AKU,CGO,00:25,,2026-09-01,2026-10-24,,1100
PN6317,重庆,石家庄,20:10,246,666/2666,西部航空,重庆,河北,重庆江北国际机场,石家庄正定国际机场,CKG,SJW,22:05,,2026-09-01,2026-10-24,,1101
PN6355,重庆,杭州,20:10,26,666/2666,西部航空,重庆,浙江,重庆江北国际机场,杭州萧山国际机场,CKG,HGH,22:20,9.29止,2026-09-01,2026-09-29,,1102
8L9546,赣州,昆明,20:15,246,666/2666,祥鹏航空,江西,云南,赣州黄金机场,昆明长水国际机场,KOW,KMG,22:40,,2026-09-01,2026-10-24,,1103
8L9972,海口,昆明,20:15,1234567,666/2666,祥鹏航空,海南,云南,海口美兰国际机场,昆明长水国际机场,HAK,KMG,22:25,,2026-09-01,2026-10-24,,1104
GS6439,大连,青岛,20:15,1357,666/2666,天津航空,辽宁,山东,大连周水子国际机场,青岛胶东国际机场,DLC,TAO,21:20,,2026-09-01,2026-10-24,,1105
GS7520,金昌,乌鲁木齐,20:15,246,666/2666,天津航空,甘肃,新疆,金昌金川机场,乌鲁木齐天山国际机场,JIC,URC,22:35,,2026-09-01,2026-10-24,,1106
GS7552,和田,乌鲁木齐,20:15,246,666/2666,天津航空,新疆,新疆,和田昆冈机场,乌鲁木齐天山国际机场,HTN,URC,22:05,10.1始,2026-10-01,2026-10-24,,1107
GS7636,沈阳,榆林,20:15,1234567,666/2666,天津航空,辽宁,陕西,沈阳桃仙国际机场,榆林榆阳机场,SHE,UYN,22:50,,2026-09-01,2026-10-24,,1108
GS7636,沈阳,西安,20:15,1234567,666/2666,天津航空,辽宁,陕西,沈阳桃仙国际机场,西安咸阳国际机场,SHE,XIY,00:55,,2026-09-01,2026-10-24,,1109
GS7812,厦门,亳州,20:15,1357,666/2666,天津航空,福建,安徽,厦门高崎国际机场,亳州机场,XMN,BZJ,22:15,9.28始,2026-09-28,2026-10-24,,1110
GS7812,厦门,天津,20:15,1357,666/2666,天津航空,福建,天津,厦门高崎国际机场,天津滨海国际机场,XMN,TSN,00:35,9.28始,2026-09-28,2026-10-24,,1111
HU6204,乌鲁木齐,长沙,20:15,1234567,666/2666,海南航空,新疆,湖南,乌鲁木齐天山国际机场,长沙黄花国际机场,URC,CSX,00:40,10.8止,2026-09-01,2026-10-08,,1112
HU6401,琼海,海口,20:15,13,666/2666,海南航空,海南,海南,琼海博鳌机场,海口美兰国际机场,BAR,HAK,21:15,仅9.21 9.23,,,2026-09-21|2026-09-23,1113
HU7562,郑州,三亚,20:15,1234567,666/2666,海南航空,河南,海南,郑州新郑国际机场,三亚凤凰国际机场,CGO,SYX,23:20,,2026-09-01,2026-10-24,,1114
HU7612,上海,北京,20:15,1234567,666/2666,海南航空,上海,北京,上海虹桥国际机场,北京首都国际机场,SHA,PEK,22:30,,2026-09-01,2026-10-24,,1115
HU7848,成都,北京,20:15,1234567,666/2666,海南航空,四川,北京,成都双流国际机场,北京首都国际机场,CTU,PEK,23:00,,2026-09-01,2026-10-24,,1116
PN6307,济南,长沙,20:15,1234567,666/2666,西部航空,山东,湖南,济南遥墙国际机场,长沙黄花国际机场,TNA,CSX,22:20,,2026-09-01,2026-10-24,,1117
PN6414,合肥,珠海,20:15,1234567,666/2666,西部航空,安徽,广东,合肥新桥国际机场,珠海金湾机场,HFE,ZUH,23:00,,2026-09-01,2026-10-24,,1118
Y87548,长春,上海,20:15,1357,666/2666,金鹏航空,吉林,上海,长春龙嘉国际机场,上海浦东国际机场,CGQ,PVG,22:55,,2026-09-01,2026-10-24,,1119
9H6032,宁波,贵阳,20:20,1234567,666/2666,长安航空,浙江,贵州,宁波栎社国际机场,贵阳龙洞堡国际机场,NGB,KWE,22:55,,2026-09-01,2026-10-24,,1120
9H8436,沈阳,贵阳,20:20,1234567,666/2666,长安航空,辽宁,贵州,沈阳桃仙国际机场,贵阳龙洞堡国际机场,SHE,KWE,00:25,10.7止,2026-09-01,2026-10-07,,1121
FU6768,黄山,哈尔滨,20:20,137,666/2666,福州航空,安徽,黑龙江,黄山屯溪国际机场,哈尔滨太平国际机场,TXN,HRB,23:50,,2026-09-01,2026-10-24,,1122
GS6409,大连,烟台,20:20,1357,666/2666,天津航空,辽宁,山东,大连周水子国际机场,烟台蓬莱国际机场,DLC,YNT,21:05,9.28~10.9,2026-09-28,2026-10-09,,1123
GS6478,乌鲁木齐,贵阳,20:20,1234567,666/2666,天津航空,新疆,贵州,乌鲁木齐天山国际机场,贵阳龙洞堡国际机场,URC,KWE,00:15,,2026-09-01,2026-10-24,,1124
GS7482,遵义,乌鲁木齐,20:20,35,666/2666,天津航空,贵州,新疆,遵义新舟机场,乌鲁木齐天山国际机场,ZYI,URC,01:00,9.18止,2026-09-01,2026-09-18,,1125
GX8876,济南,张家界,20:20,246,666/2666,北部湾航空,山东,湖南,济南遥墙国际机场,张家界荷花国际机场,TNA,DYG,22:25,,2026-09-01,2026-10-24,,1126
GX8876,济南,海口,20:20,246,666/2666,北部湾航空,山东,海南,济南遥墙国际机场,海口美兰国际机场,TNA,HAK,00:45,,2026-09-01,2026-10-24,,1127
HU6402,琼海,三亚,20:20,1234567,666/2666,海南航空,海南,海南,琼海博鳌机场,三亚凤凰国际机场,BAR,SYX,21:10,9.21~9.27,2026-09-21,2026-09-27,,1128
HU7104,大连,北京,20:20,1234567,666/2666,海南航空,辽宁,北京,大连周水子国际机场,北京首都国际机场,DLC,PEK,21:40,,2026-09-01,2026-10-24,,1129
HU7114,南京,广州,20:20,1234567,666/2666,海南航空,江苏,广东,南京禄口国际机场,广州白云国际机场,NKG,CAN,22:40,,2026-09-01,2026-10-24,,1130
HU7357,深圳,重庆,20:20,1234567,666/2666,海南航空,广东,重庆,深圳宝安国际机场,重庆江北国际机场,SZX,CKG,23:00,,2026-09-01,2026-10-24,,1131
HU7515,西安,大连,20:20,1234567,666/2666,海南航空,陕西,辽宁,西安咸阳国际机场,大连周水子国际机场,XIY,DLC,22:35,10.8止,2026-09-01,2026-10-08,,1132
HU7522,珠海,西安,20:20,1234567,666/2666,海南航空,广东,陕西,珠海金湾机场,西安咸阳国际机场,ZUH,XIY,23:30,,2026-09-01,2026-10-24,,1133
JD5015,海口,珠海,20:20,246,666/2666,首都航空,海南,广东,海口美兰国际机场,珠海金湾机场,HAK,ZUH,21:05,9.29~10.8,2026-09-29,2026-10-08,,1134
JD5070,沈阳,西安,20:20,1234567,666/2666,首都航空,辽宁,陕西,沈阳桃仙国际机场,西安咸阳国际机场,SHE,XIY,23:30,,2026-09-01,2026-10-24,,1135
JD5170,西宁,中卫,20:20,246,666/2666,首都航空,青海,宁夏,西宁曹家堡国际机场,中卫沙坡头机场,XNN,ZHY,21:20,,2026-09-01,2026-10-24,,1136
JD5170,西宁,杭州,20:20,246,666/2666,首都航空,青海,浙江,西宁曹家堡国际机场,杭州萧山国际机场,XNN,HGH,01:15,,2026-09-01,2026-10-24,,1137
JD5221,北京,二连浩特,20:20,1234567,666/2666,首都航空,北京,内蒙古,北京大兴国际机场,二连浩特赛乌素机场,PKX,ERL,21:45,,2026-09-01,2026-10-24,,1138
JD5272,安阳,三亚,20:20,1357,666/2666,首都航空,河南,海南,安阳红旗渠机场,三亚凤凰国际机场,HQQ,SYX,23:20,,2026-09-01,2026-10-24,,1139
JD5538,海口,西安,20:20,246,666/2666,首都航空,海南,陕西,海口美兰国际机场,西安咸阳国际机场,HAK,XIY,01:20,,2026-09-01,2026-10-24,,1140
JD5538,海口,韶关,20:20,246,666/2666,首都航空,海南,广东,海口美兰国际机场,韶关丹霞机场,HAK,HSC,21:45,,2026-09-01,2026-10-24,,1141
JD5758,石家庄,三亚,20:20,26,666/2666,首都航空,河北,海南,石家庄正定国际机场,三亚凤凰国际机场,SJW,SYX,23:40,,2026-09-01,2026-10-24,,1142
PN6358,成都,合肥,20:20,1234567,666/2666,西部航空,四川,安徽,成都天府国际机场,合肥新桥国际机场,TFU,HFE,22:35,,2026-09-01,2026-10-24,,1143
PN6447,贵阳,合肥,20:20,1234567,666/2666,西部航空,贵州,安徽,贵阳龙洞堡国际机场,合肥新桥国际机场,KWE,HFE,22:25,,2026-09-01,2026-10-24,,1144
PN6514,芒市,遵义,20:20,246,666/2666,西部航空,云南,贵州,德宏芒市机场,遵义茅台机场,LUM,WMT,21:50,,2026-09-01,2026-10-24,,1145
PN6514,芒市,郑州,20:20,246,666/2666,西部航空,云南,河南,德宏芒市机场,郑州新郑国际机场,LUM,CGO,00:30,,2026-09-01,2026-10-24,,1146
8L9809,丽江,成都,20:25,1234567,666/2666,祥鹏航空,云南,四川,丽江三义国际机场,成都天府国际机场,LJG,TFU,21:40,,2026-09-01,2026-10-24,,1147
GS6654,呼和浩特,呼伦贝尔,20:25,1234567,666/2666,天津航空,内蒙古,内蒙古,呼和浩特白塔国际机场,呼伦贝尔海拉尔东山国际机场,HET,HLD,22:40,,2026-09-01,2026-10-24,,1148
GS7902,贵阳,天津,20:25,1234567,666/2666,天津航空,贵州,天津,贵阳龙洞堡国际机场,天津滨海国际机场,KWE,TSN,00:50,,2026-09-01,2026-10-24,,1149
GS7902,贵阳,西安,20:25,1234567,666/2666,天津航空,贵州,陕西,贵阳龙洞堡国际机场,西安咸阳国际机场,KWE,XIY,22:10,,2026-09-01,2026-10-24,,1150
HU6034,福州,珠海,20:25,1234567,666/2666,海南航空,福建,广东,福州长乐国际机场,珠海金湾机场,FOC,ZUH,22:15,9.24~10.7,2026-09-24,2026-10-07,,1151
HU7298,兰州,北京,20:25,1234567,666/2666,海南航空,甘肃,北京,兰州中川国际机场,北京首都国际机场,LHW,PEK,23:00,,2026-09-01,2026-10-24,,1152
HU7697,南京,太原,20:25,1234567,666/2666,海南航空,江苏,山西,南京禄口国际机场,太原武宿国际机场,NKG,TYN,22:20,,2026-09-01,2026-10-24,,1153
HU7888,兰州,乌鲁木齐,20:25,1234567,666/2666,海南航空,甘肃,新疆,兰州中川国际机场,乌鲁木齐天山国际机场,LHW,URC,23:25,,2026-09-01,2026-10-24,,1154
PN6205,重庆,广州,20:25,1234567,666/2666,西部航空,重庆,广东,重庆江北国际机场,广州白云国际机场,CKG,CAN,22:15,,2026-09-01,2026-10-24,,1155
PN6509,重庆,深圳,20:25,1234567,666/2666,西部航空,重庆,广东,重庆江北国际机场,深圳宝安国际机场,CKG,SZX,22:35,10.11止,2026-09-01,2026-10-11,,1156
UQ3575,成都,喀什,20:25,1234567,666/2666,乌鲁木齐航空,四川,新疆,成都天府国际机场,喀什徕宁国际机场,TFU,KHG,01:15,,2026-09-01,2026-10-24,,1157
8L9822,济南,丽江,20:30,1234567,666/2666,祥鹏航空,山东,云南,济南遥墙国际机场,丽江三义国际机场,TNA,LJG,23:35,,2026-09-01,2026-10-24,,1158
8L9857,昆明,重庆,20:30,1357,666/2666,祥鹏航空,云南,重庆,昆明长水国际机场,重庆江北国际机场,KMG,CKG,22:05,,2026-09-01,2026-10-24,,1159
8L9932,昆明,芒市,20:30,1357,666/2666,祥鹏航空,云南,云南,昆明长水国际机场,德宏芒市机场,KMG,LUM,21:40,,2026-09-01,2026-10-24,,1160
FU6510,昆明,福州,20:30,1357,666/2666,福州航空,云南,福建,昆明长水国际机场,福州长乐国际机场,KMG,FOC,23:25,,2026-09-01,2026-10-24,,1161
GS7530,十堰,乌鲁木齐,20:30,246,666/2666,天津航空,湖北,新疆,十堰武当山机场,乌鲁木齐天山国际机场,WDS,URC,00:30,9.29始,2026-09-29,2026-10-24,,1162
GS7532,襄阳,乌鲁木齐,20:30,1357,666/2666,天津航空,湖北,新疆,襄阳刘集机场,乌鲁木齐天山国际机场,XFN,URC,00:30,9.28始,2026-09-28,2026-10-24,,1163
GX7884,万州,长沙,20:30,1357,666/2666,北部湾航空,重庆,湖南,万州五桥机场,长沙黄花国际机场,WXN,CSX,22:10,,2026-09-01,2026-10-24,,1164
GX8874,襄阳,南宁,20:30,13,666/2666,北部湾航空,湖北,广西,襄阳刘集机场,南宁吴圩国际机场,XFN,NNG,22:40,,2026-09-01,2026-10-24,,1165
GX8920,南宁,十堰,20:30,1357,666/2666,北部湾航空,广西,湖北,南宁吴圩国际机场,十堰武当山机场,NNG,WDS,22:35,,2026-09-01,2026-10-24,,1166
GX8920,南宁,济南,20:30,1357,666/2666,北部湾航空,广西,山东,南宁吴圩国际机场,济南遥墙国际机场,NNG,TNA,00:55,,2026-09-01,2026-10-24,,1167
HU6028,长沙,海口,20:30,1357,666/2666,海南航空,湖南,海南,长沙黄花国际机场,海口美兰国际机场,CSX,HAK,22:45,,2026-09-01,2026-10-24,,1168
HU6208,上海,广州,20:30,1234567,666/2666,海南航空,上海,广东,上海浦东国际机场,广州白云国际机场,PVG,CAN,23:05,,2026-09-01,2026-10-24,,1169
HU7010,广州,海口,20:30,1234567,666/2666,海南航空,广东,海南,广州白云国际机场,海口美兰国际机场,CAN,HAK,21:55,,2026-09-01,2026-10-24,,1170
HU7286,郑州,广州,20:30,1234567,666/2666,海南航空,河南,广东,郑州新郑国际机场,广州白云国际机场,CGO,CAN,22:55,,2026-09-01,2026-10-24,,1171
HU7297,北京,兰州,20:30,1234567,666/2666,海南航空,北京,甘肃,北京首都国际机场,兰州中川国际机场,PEK,LHW,22:55,,2026-09-01,2026-10-24,,1172
HU7392,杭州,深圳,20:30,246,666/2666,海南航空,浙江,广东,杭州萧山国际机场,深圳宝安国际机场,HGH,SZX,22:45,,2026-09-01,2026-10-24,,1173
HU7436,长沙,北京,20:30,1234567,666/2666,海南航空,湖南,北京,长沙黄花国际机场,北京首都国际机场,CSX,PEK,23:00,,2026-09-01,2026-10-24,,1174
HU7476,成都,深圳,20:30,1234567,666/2666,海南航空,四川,广东,成都天府国际机场,深圳宝安国际机场,TFU,SZX,23:05,,2026-09-01,2026-10-24,,1175
HU7674,满洲里,北京,20:30,246,666/2666,海南航空,内蒙古,北京,满洲里西郊国际机场,北京首都国际机场,NZH,PEK,23:00,,2026-09-01,2026-10-24,,1176
HU7713,北京,深圳,20:30,1234567,666/2666,海南航空,北京,广东,北京首都国际机场,深圳宝安国际机场,PEK,SZX,23:50,,2026-09-01,2026-10-24,,1177
HU7815,北京,广州,20:30,1234567,666/2666,海南航空,北京,广东,北京首都国际机场,广州白云国际机场,PEK,CAN,23:55,,2026-09-01,2026-10-24,,1178
JD5048,宁波,大理,20:30,1357,666/2666,首都航空,浙江,云南,宁波栎社国际机场,大理凤仪机场,NGB,DLU,23:55,,2026-09-01,2026-10-24,,1179
JD5115,丽江,成都,20:30,1357,666/2666,首都航空,云南,四川,丽江三义国际机场,成都天府国际机场,LJG,TFU,21:45,,2026-09-01,2026-10-24,,1180
JD5612,成都,北京,20:30,1234567,666/2666,首都航空,四川,北京,成都天府国际机场,北京大兴国际机场,TFU,PKX,23:00,,2026-09-01,2026-10-24,,1181
JD5710,西宁,延安,20:30,1357,666/2666,首都航空,青海,陕西,西宁曹家堡国际机场,延安南泥湾机场,XNN,ENY,21:50,,2026-09-01,2026-10-24,,1182
JD5710,西宁,杭州,20:30,1357,666/2666,首都航空,青海,浙江,西宁曹家堡国际机场,杭州萧山国际机场,XNN,HGH,01:15,,2026-09-01,2026-10-24,,1183
JD5932,长沙,北京,20:30,1357,666/2666,首都航空,湖南,北京,长沙黄花国际机场,北京大兴国际机场,CSX,PKX,22:40,10.9止,2026-09-01,2026-10-09,,1184
PN6478,南宁,郑州,20:30,1357,666/2666,西部航空,广西,河南,南宁吴圩国际机场,郑州新郑国际机场,NNG,CGO,23:00,,2026-09-01,2026-10-24,,1185
GX8931,海口,泸州,20:35,246,666/2666,北部湾航空,海南,四川,海口美兰国际机场,泸州云龙机场,HAK,LZO,22:35,,2026-09-01,2026-10-24,,1186
HU6220,乌鲁木齐,杭州,20:35,1234567,666/2666,海南航空,新疆,浙江,乌鲁木齐天山国际机场,杭州萧山国际机场,URC,HGH,01:25,10.8止,2026-09-01,2026-10-08,,1187
HU7026,深圳,海口,20:35,1234567,666/2666,海南航空,广东,海南,深圳宝安国际机场,海口美兰国际机场,SZX,HAK,22:00,,2026-09-01,2026-10-24,,1188
JD5186,天津,广州,20:35,1234567,666/2666,首都航空,天津,广东,天津滨海国际机场,广州白云国际机场,TSN,CAN,00:05,,2026-09-01,2026-10-24,,1189
8L9653,西双版纳,大理,20:40,1234567,666/2666,祥鹏航空,云南,云南,西双版纳嘎洒国际机场,大理凤仪机场,JHG,DLU,21:50,,2026-09-01,2026-10-24,,1190
9H8388,青岛,西安,20:40,246,666/2666,长安航空,山东,陕西,青岛胶东国际机场,西安咸阳国际机场,TAO,XIY,22:55,9.12止,2026-09-01,2026-09-12,,1191
GS6524,长沙,安康,20:40,246,666/2666,天津航空,湖南,陕西,长沙黄花国际机场,安康富强机场,CSX,AKA,22:25,,2026-09-01,2026-10-24,,1192
GS6524,长沙,榆林,20:40,246,666/2666,天津航空,湖南,陕西,长沙黄花国际机场,榆林榆阳机场,CSX,UYN,00:30,,2026-09-01,2026-10-24,,1193
HU7038,合肥,海口,20:40,1234567,666/2666,海南航空,安徽,海南,合肥新桥国际机场,海口美兰国际机场,HFE,HAK,23:20,,2026-09-01,2026-10-24,,1194
HU7349,三亚,重庆,20:40,1234567,666/2666,海南航空,海南,重庆,三亚凤凰国际机场,重庆江北国际机场,SYX,CKG,23:05,,2026-09-01,2026-10-24,,1195
JD5220,乌鲁木齐,北京,20:40,1234567,666/2666,首都航空,新疆,北京,乌鲁木齐天山国际机场,北京大兴国际机场,URC,PKX,00:20,,2026-09-01,2026-10-24,,1196
JD5292,南宁,北京,20:40,1234567,666/2666,首都航空,广西,北京,南宁吴圩国际机场,北京大兴国际机场,NNG,PKX,23:55,,2026-09-01,2026-10-24,,1197
UQ2520,鄂尔多斯,乌鲁木齐,20:40,246,666/2666,乌鲁木齐航空,内蒙古,新疆,鄂尔多斯伊金霍洛国际机场,乌鲁木齐天山国际机场,DSN,URC,23:55,9.12止,2026-09-01,2026-09-12,,1198
GS6412,烟台,大连,20:45,246,666/2666,天津航空,山东,辽宁,烟台蓬莱国际机场,大连周水子国际机场,YNT,DLC,21:25,,2026-09-01,2026-10-24,,1199
GS6568,柳州,海口,20:45,246,666/2666,天津航空,广西,海南,柳州白莲机场,海口美兰国际机场,LZH,HAK,21:55,,2026-09-01,2026-10-24,,1200
GS6688,赤峰,呼和浩特,20:45,1357,666/2666,天津航空,内蒙古,内蒙古,赤峰玉龙机场,呼和浩特白塔国际机场,CIF,HET,22:15,9.28~10.9,2026-09-28,2026-10-09,,1201
GS7639,西安,丽江,20:45,1234567,666/2666,天津航空,陕西,云南,西安咸阳国际机场,丽江三义国际机场,XIY,LJG,22:55,9.28始,2026-09-28,2026-10-24,,1202
HU7067,武汉,哈尔滨,20:45,1234567,666/2666,海南航空,湖北,黑龙江,武汉天河国际机场,哈尔滨太平国际机场,WUH,HRB,00:05,9.28始,2026-09-28,2026-10-24,,1203
HU7294,敦煌,广州,20:45,1357,666/2666,海南航空,甘肃,广东,敦煌莫高国际机场,广州白云国际机场,DNH,CAN,01:25,,2026-09-01,2026-10-24,,1204
HU7492,厦门,北京,20:45,1234567,666/2666,海南航空,福建,北京,厦门高崎国际机场,北京首都国际机场,XMN,PEK,23:40,,2026-09-01,2026-10-24,,1205
JD5270,杭州,广州,20:45,1234567,666/2666,首都航空,浙江,广东,杭州萧山国际机场,广州白云国际机场,HGH,CAN,23:15,,2026-09-01,2026-10-24,,1206
JD5926,昆明,三亚,20:45,246,666/2666,首都航空,云南,海南,昆明长水国际机场,三亚凤凰国际机场,KMG,SYX,22:45,,2026-09-01,2026-10-24,,1207
8L9600,无锡,昆明,20:50,1234567,666/2666,祥鹏航空,江苏,云南,苏南硕放国际机场,昆明长水国际机场,WUX,KMG,23:55,,2026-09-01,2026-10-24,,1208
FU6636,邢台,哈尔滨,20:50,246,666/2666,福州航空,河北,黑龙江,邢台褡裢机场,哈尔滨太平国际机场,XNT,HRB,23:00,,2026-09-01,2026-10-24,,1209
FU6726,郑州,厦门,20:50,1234567,666/2666,福州航空,河南,福建,郑州新郑国际机场,厦门高崎国际机场,CGO,XMN,22:55,,2026-09-01,2026-10-24,,1210
GS6592,张掖,重庆,20:50,246,666/2666,天津航空,甘肃,重庆,张掖甘州机场,重庆江北国际机场,YZY,CKG,23:05,,2026-09-01,2026-10-24,,1211
GS7661,西安,张家界,20:50,1234567,666/2666,天津航空,陕西,湖南,西安咸阳国际机场,张家界荷花国际机场,XIY,DYG,22:00,9.28始,2026-09-28,2026-10-24,,1212
GX2020,阜阳,长沙,20:50,246,666/2666,北部湾航空,安徽,湖南,阜阳西关机场,长沙黄花国际机场,FUG,CSX,22:20,,2026-09-01,2026-10-24,,1213
HU6054,成都,三亚,20:50,1234567,666/2666,海南航空,四川,海南,成都天府国际机场,三亚凤凰国际机场,TFU,SYX,23:30,,2026-09-01,2026-10-24,,1214
HU7384,杭州,三亚,20:50,1234567,666/2666,海南航空,浙江,海南,杭州萧山国际机场,三亚凤凰国际机场,HGH,SYX,23:50,,2026-09-01,2026-10-24,,1215
JD5130,丽江,北京,20:50,246,666/2666,首都航空,云南,北京,丽江三义国际机场,北京大兴国际机场,LJG,PKX,00:05,10.10止,2026-09-01,2026-10-10,,1216
JD5718,银川,北京,20:50,1357,666/2666,首都航空,宁夏,北京,银川河东国际机场,北京大兴国际机场,INC,PKX,22:40,,2026-09-01,2026-10-24,,1217
JD5973,海口,深圳,20:50,4,666/2666,首都航空,海南,广东,海口美兰国际机场,深圳宝安国际机场,HAK,SZX,22:20,,2026-09-01,2026-10-24,,1218
UQ2514,绵阳,乌鲁木齐,20:50,1357,666/2666,乌鲁木齐航空,四川,新疆,绵阳南郊机场,乌鲁木齐天山国际机场,MIG,URC,00:20,,2026-09-01,2026-10-24,,1219
8L9779,武汉,大理,20:55,1234567,666/2666,祥鹏航空,湖北,云南,武汉天河国际机场,大理凤仪机场,WUH,DLU,23:30,,2026-09-01,2026-10-24,,1220
FU6602,天津,福州,20:55,1234567,666/2666,福州航空,天津,福建,天津滨海国际机场,福州长乐国际机场,TSN,FOC,00:50,,2026-09-01,2026-10-24,,1221
FU6602,天津,舟山,20:55,1234567,666/2666,福州航空,天津,浙江,天津滨海国际机场,舟山普陀山机场,TSN,HSN,22:55,,2026-09-01,2026-10-24,,1222
FU6658,郑州,哈尔滨,20:55,246,666/2666,福州航空,河南,黑龙江,郑州新郑国际机场,哈尔滨太平国际机场,CGO,HRB,23:45,,2026-09-01,2026-10-24,,1223
HU6224,北京,乌鲁木齐,20:55,1234567,666/2666,海南航空,北京,新疆,北京首都国际机场,乌鲁木齐天山国际机场,PEK,URC,01:15,10.8止,2026-09-01,2026-10-08,,1224
HU7112,昆明,北京,20:55,1234567,666/2666,海南航空,云南,北京,昆明长水国际机场,北京首都国际机场,KMG,PEK,00:45,,2026-09-01,2026-10-24,,1225
HU7365,海口,西安,20:55,1234567,666/2666,海南航空,海南,陕西,海口美兰国际机场,西安咸阳国际机场,HAK,XIY,00:05,9.28~10.10,2026-09-28,2026-10-10,,1226
HU7422,重庆,杭州,20:55,1234567,666/2666,海南航空,重庆,浙江,重庆江北国际机场,杭州萧山国际机场,CKG,HGH,23:30,,2026-09-01,2026-10-24,,1227
HU7820,武汉,乌鲁木齐,20:55,1234567,666/2666,海南航空,湖北,新疆,武汉天河国际机场,乌鲁木齐天山国际机场,WUH,URC,01:20,10.8止,2026-09-01,2026-10-08,,1228
HU7860,郑州,乌鲁木齐,20:55,1234567,666/2666,海南航空,河南,新疆,郑州新郑国际机场,乌鲁木齐天山国际机场,CGO,URC,01:00,10.8止,2026-09-01,2026-10-08,,1229
JD5196,天津,三亚,20:55,1234567,666/2666,首都航空,天津,海南,天津滨海国际机场,三亚凤凰国际机场,TSN,SYX,01:15,,2026-09-01,2026-10-24,,1230
JD5308,银川,广州,20:55,1234567,666/2666,首都航空,宁夏,广东,银川河东国际机场,广州白云国际机场,INC,CAN,00:25,,2026-09-01,2026-10-24,,1231
JD5974,深圳,海口,20:55,6,666/2666,首都航空,广东,海南,深圳宝安国际机场,海口美兰国际机场,SZX,HAK,22:25,,2026-09-01,2026-10-24,,1232
8L9696,三亚,成都,21:00,1234567,666/2666,祥鹏航空,海南,四川,三亚凤凰国际机场,成都天府国际机场,SYX,TFU,23:40,,2026-09-01,2026-10-24,,1233
8L9986,昆明,芒市,21:00,246,666/2666,祥鹏航空,云南,云南,昆明长水国际机场,德宏芒市机场,KMG,LUM,22:10,,2026-09-01,2026-10-24,,1234
HU6206,上海,深圳,21:00,1234567,666/2666,海南航空,上海,广东,上海浦东国际机场,深圳宝安国际机场,PVG,SZX,23:35,,2026-09-01,2026-10-24,,1235
HU6226,福州,成都,21:00,1234567,666/2666,海南航空,福建,四川,福州长乐国际机场,成都天府国际机场,FOC,TFU,00:05,,2026-09-01,2026-10-24,,1236
HU7036,郑州,海口,21:00,1234567,666/2666,海南航空,河南,海南,郑州新郑国际机场,海口美兰国际机场,CGO,HAK,00:05,,2026-09-01,2026-10-24,,1237
HU7062,武汉,海口,21:00,1234567,666/2666,海南航空,湖北,海南,武汉天河国际机场,海口美兰国际机场,WUH,HAK,23:30,,2026-09-01,2026-10-24,,1238
HU7177,北京,杭州,21:00,1234567,666/2666,海南航空,北京,浙江,北京首都国际机场,杭州萧山国际机场,PEK,HGH,23:20,,2026-09-01,2026-10-24,,1239
HU7217,海口,长沙,21:00,1234567,666/2666,海南航空,海南,湖南,海口美兰国际机场,长沙黄花国际机场,HAK,CSX,23:20,,2026-09-01,2026-10-24,,1240
HU7282,北京,海口,21:00,1234567,666/2666,海南航空,北京,海南,北京首都国际机场,海口美兰国际机场,PEK,HAK,01:00,9.24~10.10,2026-09-24,2026-10-10,,1241
HU7418,长沙,海口,21:00,1234567,666/2666,海南航空,湖南,海南,长沙黄花国际机场,海口美兰国际机场,CSX,HAK,23:10,,2026-09-01,2026-10-24,,1242
HU7428,成都,上海,21:00,1234567,666/2666,海南航空,四川,上海,成都天府国际机场,上海浦东国际机场,TFU,PVG,23:45,,2026-09-01,2026-10-24,,1243
HU7581,海口,北京,21:00,1234567,666/2666,海南航空,海南,北京,海口美兰国际机场,北京首都国际机场,HAK,PEK,00:40,,2026-09-01,2026-10-24,,1244
HU7611,北京,上海,21:00,1234567,666/2666,海南航空,北京,上海,北京首都国际机场,上海虹桥国际机场,PEK,SHA,23:05,10.9始,2026-10-09,2026-10-24,,1245
HU7826,石家庄,乌鲁木齐,21:00,1234567,666/2666,海南航空,河北,新疆,石家庄正定国际机场,乌鲁木齐天山国际机场,SJW,URC,01:15,10.8止,2026-09-01,2026-10-08,,1246
HU7836,太原,乌鲁木齐,21:00,1234567,666/2666,海南航空,山西,新疆,太原武宿国际机场,乌鲁木齐天山国际机场,TYN,URC,00:50,,2026-09-01,2026-10-24,,1247
HU7873,西安,深圳,21:00,1234567,666/2666,海南航空,陕西,广东,西安咸阳国际机场,深圳宝安国际机场,XIY,SZX,00:15,,2026-09-01,2026-10-24,,1248
JD5112,西双版纳,北京,21:00,1357,666/2666,首都航空,云南,北京,西双版纳嘎洒国际机场,北京大兴国际机场,JHG,PKX,00:45,,2026-09-01,2026-10-24,,1249
JD5194,石家庄,沈阳,21:00,1234567,666/2666,首都航空,河北,辽宁,石家庄正定国际机场,沈阳桃仙国际机场,SJW,SHE,23:05,,2026-09-01,2026-10-24,,1250
JD5618,福州,三亚,21:00,1234567,666/2666,首都航空,福建,海南,福州长乐国际机场,三亚凤凰国际机场,FOC,SYX,23:25,,2026-09-01,2026-10-24,,1251
PN6465,重庆,大理,21:00,1234567,666/2666,西部航空,重庆,云南,重庆江北国际机场,大理凤仪机场,CKG,DLU,22:40,,2026-09-01,2026-10-24,,1252
Y87552,西安,上海,21:00,1357,666/2666,金鹏航空,陕西,上海,西安咸阳国际机场,上海浦东国际机场,XIY,PVG,23:25,,2026-09-01,2026-10-24,,1253
Y87560,大连,上海,21:00,1357,666/2666,金鹏航空,辽宁,上海,大连周水子国际机场,上海浦东国际机场,DLC,PVG,23:00,,2026-09-01,2026-10-24,,1254
CN7140,哈尔滨,北京,21:05,1234567,666/2666,大新华航空,黑龙江,北京,哈尔滨太平国际机场,北京首都国际机场,HRB,PEK,23:15,,2026-09-01,2026-10-24,,1255
GS7850,南阳,天津,21:05,1357,666/2666,天津航空,河南,天津,南阳姜营机场,天津滨海国际机场,NNY,TSN,23:00,,2026-09-01,2026-10-24,,1256
GS7854,杭州,天津,21:05,1234567,666/2666,天津航空,浙江,天津,杭州萧山国际机场,天津滨海国际机场,HGH,TSN,23:15,,2026-09-01,2026-10-24,,1257
HU7296,福州,北京,21:05,1234567,666/2666,海南航空,福建,北京,福州长乐国际机场,北京首都国际机场,FOC,PEK,23:50,,2026-09-01,2026-10-24,,1258
HU7579,北京,三亚,21:05,1234567,666/2666,海南航空,北京,海南,北京首都国际机场,三亚凤凰国际机场,PEK,SYX,01:10,9.28始,2026-09-28,2026-10-24,,1259
HU7854,兰州,乌鲁木齐,21:05,1234567,666/2666,海南航空,甘肃,新疆,兰州中川国际机场,乌鲁木齐天山国际机场,LHW,URC,00:05,,2026-09-01,2026-10-24,,1260
JD5122,三亚,北京,21:05,246,666/2666,首都航空,海南,北京,三亚凤凰国际机场,北京大兴国际机场,SYX,PKX,00:50,10.10止,2026-09-01,2026-10-10,,1261
JD5388,南宁,丽江,21:05,1234567,666/2666,首都航空,广西,云南,南宁吴圩国际机场,丽江三义国际机场,NNG,LJG,22:55,,2026-09-01,2026-10-24,,1262
JD5532,石家庄,三亚,21:05,1234567,666/2666,首都航空,河北,海南,石家庄正定国际机场,三亚凤凰国际机场,SJW,SYX,00:40,,2026-09-01,2026-10-24,,1263
JD5676,郑州,丽江,21:05,1357,666/2666,首都航空,河南,云南,郑州新郑国际机场,丽江三义国际机场,CGO,LJG,23:40,,2026-09-01,2026-10-24,,1264
UQ2546,汉中,乌鲁木齐,21:05,246,666/2666,乌鲁木齐航空,陕西,新疆,汉中城固机场,乌鲁木齐天山国际机场,HZG,URC,00:45,,2026-09-01,2026-10-24,,1265
UQ2576,南充,乌鲁木齐,21:05,1234567,666/2666,乌鲁木齐航空,四川,新疆,南充高坪机场,乌鲁木齐天山国际机场,NAO,URC,00:45,,2026-09-01,2026-10-24,,1266
Y87532,杭州,深圳,21:05,1234567,666/2666,金鹏航空,浙江,广东,杭州萧山国际机场,深圳宝安国际机场,HGH,SZX,23:15,,2026-09-01,2026-10-24,,1267
8L9854,徐州,昆明,21:10,1234567,666/2666,祥鹏航空,江苏,云南,徐州观音国际机场,昆明长水国际机场,XUZ,KMG,00:05,,2026-09-01,2026-10-24,,1268
8L9904,温州,大理,21:10,1357,666/2666,祥鹏航空,浙江,云南,温州龙湾国际机场,大理凤仪机场,WNZ,DLU,00:40,,2026-09-01,2026-10-24,,1269
GS6506,武汉,榆林,21:10,246,666/2666,天津航空,湖北,陕西,武汉天河国际机场,榆林榆阳机场,WUH,UYN,23:10,,2026-09-01,2026-10-24,,1270
GS6567,海口,柳州,21:10,1357,666/2666,天津航空,海南,广西,海口美兰国际机场,柳州白莲机场,HAK,LZH,22:10,,2026-09-01,2026-10-24,,1271
GS7828,衡阳,天津,21:10,1357,666/2666,天津航空,湖南,天津,衡阳南岳机场,天津滨海国际机场,HNY,TSN,23:50,,2026-09-01,2026-10-24,,1272
HU7046,珠海,海口,21:10,1234567,666/2666,海南航空,广东,海南,珠海金湾机场,海口美兰国际机场,ZUH,HAK,22:25,,2026-09-01,2026-10-24,,1273
HU7110,玉林,北京,21:10,357,666/2666,海南航空,广西,北京,玉林福绵机场,北京首都国际机场,YLX,PEK,00:25,,2026-09-01,2026-10-24,,1274
JD5654,达州,沈阳,21:10,246,666/2666,首都航空,四川,辽宁,达州金垭机场,沈阳桃仙国际机场,DZH,SHE,00:05,,2026-09-01,2026-10-24,,1275
JD5746,桂林,杭州,21:10,23467,666/2666,首都航空,广西,浙江,桂林两江国际机场,杭州萧山国际机场,KWL,HGH,23:15,,2026-09-01,2026-10-24,,1276
PN6217,郑州,呼和浩特,21:10,357,666/2666,西部航空,河南,内蒙古,郑州新郑国际机场,呼和浩特白塔国际机场,CGO,HET,22:45,,2026-09-01,2026-10-24,,1277
PN6242,和田,重庆,21:10,1357,666/2666,西部航空,新疆,重庆,和田昆冈机场,重庆江北国际机场,HTN,CKG,01:30,,2026-09-01,2026-10-24,,1278
PN6343,郑州,西宁,21:10,1357,666/2666,西部航空,河南,青海,郑州新郑国际机场,西宁曹家堡国际机场,CGO,XNN,23:10,,2026-09-01,2026-10-24,,1279
8L9501,昆明,郑州,21:15,1234567,666/2666,祥鹏航空,云南,河南,昆明长水国际机场,郑州新郑国际机场,KMG,CGO,23:55,,2026-09-01,2026-10-24,,1280
9H6006,永州,西安,21:15,1357,666/2666,长安航空,湖南,陕西,永州零陵机场,西安咸阳国际机场,LLF,XIY,23:05,,2026-09-01,2026-10-24,,1281
GS7434,岳阳,榆林,21:15,57,666/2666,天津航空,湖南,陕西,岳阳三荷机场,榆林榆阳机场,YYA,UYN,23:25,9.27止,2026-09-01,2026-09-27,,1282
GS7458,天津,榆林,21:15,1234567,666/2666,天津航空,天津,陕西,天津滨海国际机场,榆林榆阳机场,TSN,UYN,22:55,,2026-09-01,2026-10-24,,1283
GS7724,宜昌,惠州,21:15,1357,666/2666,天津航空,湖北,广东,宜昌三峡机场,惠州平潭机场,YIH,HUZ,23:00,9.28~10.9,2026-09-28,2026-10-09,,1284
HU7214,南京,广州,21:15,1234567,666/2666,海南航空,江苏,广东,南京禄口国际机场,广州白云国际机场,NKG,CAN,23:35,,2026-09-01,2026-10-24,,1285
HU7388,武汉,三亚,21:15,1234567,666/2666,海南航空,湖北,海南,武汉天河国际机场,三亚凤凰国际机场,WUH,SYX,00:05,,2026-09-01,2026-10-24,,1286
HU7416,揭阳,杭州,21:15,1234567,666/2666,海南航空,广东,浙江,揭阳潮汕国际机场,杭州萧山国际机场,SWA,HGH,23:15,,2026-09-01,2026-10-24,,1287
HU7516,大连,西安,21:15,1234567,666/2666,海南航空,辽宁,陕西,大连周水子国际机场,西安咸阳国际机场,DLC,XIY,23:35,10.8止,2026-09-01,2026-10-08,,1288
HU7816,广州,北京,21:15,1234567,666/2666,海南航空,广东,北京,广州白云国际机场,北京首都国际机场,CAN,PEK,00:25,,2026-09-01,2026-10-24,,1289
JD5249,亳州,海口,21:15,1357,666/2666,首都航空,安徽,海南,亳州机场,海口美兰国际机场,BZJ,HAK,00:15,,2026-09-01,2026-10-24,,1290
PN6292,厦门,郴州,21:15,1357,666/2666,西部航空,福建,湖南,厦门高崎国际机场,郴州北湖机场,XMN,HCZ,22:45,,2026-09-01,2026-10-24,,1291
PN6292,厦门,重庆,21:15,1357,666/2666,西部航空,福建,重庆,厦门高崎国际机场,重庆江北国际机场,XMN,CKG,01:30,,2026-09-01,2026-10-24,,1292
PN6434,厦门,重庆,21:15,246,666/2666,西部航空,福建,重庆,厦门高崎国际机场,重庆江北国际机场,XMN,CKG,23:55,,2026-09-01,2026-10-24,,1293
8L9714,上海,大理,21:20,1234567,666/2666,祥鹏航空,上海,云南,上海浦东国际机场,大理凤仪机场,PVG,DLU,01:00,,2026-09-01,2026-10-24,,1294
8L9812,南京,丽江,21:20,1234567,666/2666,祥鹏航空,江苏,云南,南京禄口国际机场,丽江三义国际机场,NKG,LJG,00:15,,2026-09-01,2026-10-24,,1295
9H8418,井冈山,西安,21:20,246,666/2666,长安航空,江西,陕西,吉安井冈山机场,西安咸阳国际机场,JGS,XIY,23:45,,2026-09-01,2026-10-24,,1296
GS7590,呼和浩特,乌鲁木齐,21:20,1357,666/2666,天津航空,内蒙古,新疆,呼和浩特白塔国际机场,乌鲁木齐天山国际机场,HET,URC,01:00,,2026-09-01,2026-10-24,,1297
GS7798,锡林浩特,天津,21:20,246,666/2666,天津航空,内蒙古,天津,锡林浩特机场,天津滨海国际机场,XIL,TSN,22:35,,2026-09-01,2026-10-24,,1298
HU7249,广州,太原,21:20,246,666/2666,海南航空,广东,山西,广州白云国际机场,太原武宿国际机场,CAN,TYN,00:15,,2026-09-01,2026-10-24,,1299
HU7272,重庆,海口,21:20,1234567,666/2666,海南航空,重庆,海南,重庆江北国际机场,海口美兰国际机场,CKG,HAK,23:30,,2026-09-01,2026-10-24,,1300
HU7494,重庆,上海,21:20,1234567,666/2666,海南航空,重庆,上海,重庆江北国际机场,上海浦东国际机场,CKG,PVG,00:05,,2026-09-01,2026-10-24,,1301
JD5540,十堰,沈阳,21:20,1357,666/2666,首都航空,湖北,辽宁,十堰武当山机场,沈阳桃仙国际机场,WDS,SHE,00:15,9.30~10.7,2026-09-30,2026-10-07,,1302
UQ2578,银川,乌鲁木齐,21:20,1234567,666/2666,乌鲁木齐航空,宁夏,新疆,银川河东国际机场,乌鲁木齐天山国际机场,INC,URC,00:25,,2026-09-01,2026-10-24,,1303
UQ3542,泉州,郑州,21:20,1357,666/2666,乌鲁木齐航空,福建,河南,泉州晋江国际机场,郑州新郑国际机场,JJN,CGO,23:35,,2026-09-01,2026-10-24,,1304
Y87568,洛阳,上海,21:20,246,666/2666,金鹏航空,河南,上海,洛阳北郊机场,上海浦东国际机场,LYA,PVG,23:30,,2026-09-01,2026-10-24,,1305
8L9606,重庆,西双版纳,21:25,1234567,666/2666,祥鹏航空,重庆,云南,重庆江北国际机场,西双版纳嘎洒国际机场,CKG,JHG,23:35,,2026-09-01,2026-10-24,,1306
8L9964,呼和浩特,昆明,21:25,1234567,666/2666,祥鹏航空,内蒙古,云南,呼和浩特白塔国际机场,昆明长水国际机场,HET,KMG,00:30,,2026-09-01,2026-10-24,,1307
9H8338,长沙,西安,21:25,1234567,666/2666,长安航空,湖南,陕西,长沙黄花国际机场,西安咸阳国际机场,CSX,XIY,23:20,,2026-09-01,2026-10-24,,1308
GS7860,绵阳,天津,21:25,1357,666/2666,天津航空,四川,天津,绵阳南郊机场,天津滨海国际机场,MIG,TSN,23:50,,2026-09-01,2026-10-24,,1309
HU7019,海口,珠海,21:25,1234567,666/2666,海南航空,海南,广东,海口美兰国际机场,珠海金湾机场,HAK,ZUH,22:35,9.28~10.10,2026-09-28,2026-10-10,,1310
HU7590,揭阳,西安,21:25,1234567,666/2666,海南航空,广东,陕西,揭阳潮汕国际机场,西安咸阳国际机场,SWA,XIY,00:30,10.8止,2026-09-01,2026-10-08,,1311
HU7678,杭州,北京,21:25,1234567,666/2666,海南航空,浙江,北京,杭州萧山国际机场,北京首都国际机场,HGH,PEK,23:45,,2026-09-01,2026-10-24,,1312
HU7843,西安,上海,21:25,1234567,666/2666,海南航空,陕西,上海,西安咸阳国际机场,上海浦东国际机场,XIY,PVG,23:55,,2026-09-01,2026-10-24,,1313
HU7868,西安,乌鲁木齐,21:25,1234567,666/2666,海南航空,陕西,新疆,西安咸阳国际机场,乌鲁木齐天山国际机场,XIY,URC,01:15,,2026-09-01,2026-10-24,,1314
PN6268,青岛,重庆,21:25,1234567,666/2666,西部航空,山东,重庆,青岛胶东国际机场,重庆江北国际机场,TAO,CKG,00:30,,2026-09-01,2026-10-24,,1315
9H6036,宁波,西安,21:30,246,666/2666,长安航空,浙江,陕西,宁波栎社国际机场,西安咸阳国际机场,NGB,XIY,00:10,,2026-09-01,2026-10-24,,1316
GS6575,怀化,西安,21:30,246,666/2666,天津航空,湖南,陕西,怀化芷江机场,西安咸阳国际机场,HJJ,XIY,23:20,9.22~10.17,2026-09-22,2026-10-17,,1317
GS7918,重庆,天津,21:30,1234567,666/2666,天津航空,重庆,天津,重庆江北国际机场,天津滨海国际机场,CKG,TSN,23:55,,2026-09-01,2026-10-24,,1318
GX7856,泉州,济南,21:30,1357,666/2666,北部湾航空,福建,山东,泉州晋江国际机场,济南遥墙国际机场,JJN,TNA,23:50,9.20止,2026-09-01,2026-09-20,,1319
GX8856,成都,南宁,21:30,246,666/2666,北部湾航空,四川,广西,成都天府国际机场,南宁吴圩国际机场,TFU,NNG,23:20,,2026-09-01,2026-10-24,,1320
GX8890,庆阳,海口,21:30,1357,666/2666,北部湾航空,甘肃,海南,庆阳西峰机场,海口美兰国际机场,IQN,HAK,00:40,,2026-09-01,2026-10-24,,1321
HU7090,丽水,海口,21:30,1357,666/2666,海南航空,浙江,海南,丽水机场,海口美兰国际机场,LIJ,HAK,00:05,,2026-09-01,2026-10-24,,1322
HU7095,海口,南宁,21:30,1234567,666/2666,海南航空,海南,广西,海口美兰国际机场,南宁吴圩国际机场,HAK,NNG,22:35,,2026-09-01,2026-10-24,,1323
HU7154,南宁,北京,21:30,1234567,666/2666,海南航空,广西,北京,南宁吴圩国际机场,北京首都国际机场,NNG,PEK,00:55,,2026-09-01,2026-10-24,,1324
HU7256,南京,深圳,21:30,1234567,666/2666,海南航空,江苏,广东,南京禄口国际机场,深圳宝安国际机场,NKG,SZX,00:10,,2026-09-01,2026-10-24,,1325
HU7268,重庆,北京,21:30,1234567,666/2666,海南航空,重庆,北京,重庆江北国际机场,北京首都国际机场,CKG,PEK,23:55,,2026-09-01,2026-10-24,,1326
HU7362,杭州,广州,21:30,1234567,666/2666,海南航空,浙江,广东,杭州萧山国际机场,广州白云国际机场,HGH,CAN,00:05,,2026-09-01,2026-10-24,,1327
HU7536,长沙,北京,21:30,1234567,666/2666,海南航空,湖南,北京,长沙黄花国际机场,北京首都国际机场,CSX,PEK,00:05,,2026-09-01,2026-10-24,,1328
HU7715,北京,深圳,21:30,1234567,666/2666,海南航空,北京,广东,北京首都国际机场,深圳宝安国际机场,PEK,SZX,01:10,,2026-09-01,2026-10-24,,1329
JD5268,丽江,杭州,21:30,1234567,666/2666,首都航空,云南,浙江,丽江三义国际机场,杭州萧山国际机场,LJG,HGH,00:40,,2026-09-01,2026-10-24,,1330
JD5678,满洲里,北京,21:30,1357,666/2666,首都航空,内蒙古,北京,满洲里西郊国际机场,北京大兴国际机场,NZH,PKX,00:05,10.9止,2026-09-01,2026-10-09,,1331
JD5766,长沙,三亚,21:30,1234567,666/2666,首都航空,湖南,海南,长沙黄花国际机场,三亚凤凰国际机场,CSX,SYX,23:35,,2026-09-01,2026-10-24,,1332
Y87546,柳州,上海,21:30,246,666/2666,金鹏航空,广西,上海,柳州白莲机场,上海浦东国际机场,LZH,PVG,00:10,,2026-09-01,2026-10-24,,1333
8L9668,海口,成都,21:35,1234567,666/2666,祥鹏航空,海南,四川,海口美兰国际机场,成都天府国际机场,HAK,TFU,00:15,,2026-09-01,2026-10-24,,1334
8L9942,济南,大理,21:35,1234567,666/2666,祥鹏航空,山东,云南,济南遥墙国际机场,大理凤仪机场,TNA,DLU,00:35,,2026-09-01,2026-10-24,,1335
8L9976,广州,昆明,21:35,1234567,666/2666,祥鹏航空,广东,云南,广州白云国际机场,昆明长水国际机场,CAN,KMG,00:05,,2026-09-01,2026-10-24,,1336
9H8348,库尔勒,西安,21:35,1234567,666/2666,长安航空,新疆,陕西,库尔勒梨城机场,西安咸阳国际机场,KRL,XIY,00:45,9.8止,2026-09-01,2026-09-08,,1337
FU6508,重庆,福州,21:35,1234567,666/2666,福州航空,重庆,福建,重庆江北国际机场,福州长乐国际机场,CKG,FOC,23:55,,2026-09-01,2026-10-24,,1338
GS7816,十堰,天津,21:35,246,666/2666,天津航空,湖北,天津,十堰武当山机场,天津滨海国际机场,WDS,TSN,23:40,,2026-09-01,2026-10-24,,1339
HU7027,海口,深圳,21:35,1234567,666/2666,海南航空,海南,广东,海口美兰国际机场,深圳宝安国际机场,HAK,SZX,23:10,,2026-09-01,2026-10-24,,1340
HU7897,西安,三亚,21:35,1234567,666/2666,海南航空,陕西,海南,西安咸阳国际机场,三亚凤凰国际机场,XIY,SYX,00:45,,2026-09-01,2026-10-24,,1341
JD5250,亳州,北京,21:35,1357,666/2666,首都航空,安徽,北京,亳州机场,北京大兴国际机场,BZJ,PKX,22:55,,2026-09-01,2026-10-24,,1342
JD5587,三亚,南宁,21:35,1234567,666/2666,首都航空,海南,广西,三亚凤凰国际机场,南宁吴圩国际机场,SYX,NNG,22:50,,2026-09-01,2026-10-24,,1343
JD5596,济南,海口,21:35,1234567,666/2666,首都航空,山东,海南,济南遥墙国际机场,海口美兰国际机场,TNA,HAK,01:10,,2026-09-01,2026-10-24,,1344
UQ3608,喀纳斯,乌鲁木齐,21:35,246,666/2666,乌鲁木齐航空,新疆,新疆,布尔津喀纳斯机场,乌鲁木齐天山国际机场,KJI,URC,22:55,,2026-09-01,2026-10-24,,1345
9H8352,三亚,西安,21:40,1234567,666/2666,长安航空,海南,陕西,三亚凤凰国际机场,西安咸阳国际机场,SYX,XIY,00:55,,2026-09-01,2026-10-24,,1346
GS6556,衡阳,海口,21:40,246,666/2666,天津航空,湖南,海南,衡阳南岳机场,海口美兰国际机场,HNY,HAK,23:35,,2026-09-01,2026-10-24,,1347
GS6630,乌兰浩特,呼和浩特,21:40,1357,666/2666,天津航空,内蒙古,内蒙古,乌兰浩特义勒力特机场,呼和浩特白塔国际机场,HLH,HET,23:20,,2026-09-01,2026-10-24,,1348
GX8870,绵阳,南宁,21:40,246,666/2666,北部湾航空,四川,广西,绵阳南郊机场,南宁吴圩国际机场,MIG,NNG,23:40,,2026-09-01,2026-10-24,,1349
JD5084,安顺,西安,21:40,246,666/2666,首都航空,贵州,陕西,安顺黄果树机场,西安咸阳国际机场,AVA,XIY,23:35,,2026-09-01,2026-10-24,,1350
UQ2586,庆阳,乌鲁木齐,21:40,1357,666/2666,乌鲁木齐航空,甘肃,新疆,庆阳西峰机场,乌鲁木齐天山国际机场,IQN,URC,01:00,,2026-09-01,2026-10-24,,1351
GS6598,呼和浩特,重庆,21:45,1357,666/2666,天津航空,内蒙古,重庆,呼和浩特白塔国际机场,重庆江北国际机场,HET,CKG,00:05,,2026-09-01,2026-10-24,,1352
GS7604,岳阳,西安,21:45,246,666/2666,天津航空,湖南,陕西,岳阳三荷机场,西安咸阳国际机场,YYA,XIY,23:45,,2026-09-01,2026-10-24,,1353
GS7858,武汉,天津,21:45,1234567,666/2666,天津航空,湖北,天津,武汉天河国际机场,天津滨海国际机场,WUH,TSN,23:40,9.28始,2026-09-28,2026-10-24,,1354
HU7364,南宁,三亚,21:45,23467,666/2666,海南航空,广西,海南,南宁吴圩国际机场,三亚凤凰国际机场,NNG,SYX,23:00,,2026-09-01,2026-10-24,,1355
JD5078,重庆,西安,21:45,1234567,666/2666,首都航空,重庆,陕西,重庆江北国际机场,西安咸阳国际机场,CKG,XIY,23:10,,2026-09-01,2026-10-24,,1356
JD5234,武汉,三亚,21:45,1234567,666/2666,首都航空,湖北,海南,武汉天河国际机场,三亚凤凰国际机场,WUH,SYX,00:30,,2026-09-01,2026-10-24,,1357
JD5907,杭州,北京,21:45,1234567,666/2666,首都航空,浙江,北京,杭州萧山国际机场,北京大兴国际机场,HGH,PKX,00:05,,2026-09-01,2026-10-24,,1358
PN6240,丽江,重庆,21:45,1234567,666/2666,西部航空,云南,重庆,丽江三义国际机场,重庆江北国际机场,LJG,CKG,23:20,,2026-09-01,2026-10-24,,1359
9H8398,湛江,西安,21:50,1357,666/2666,长安航空,广东,陕西,湛江吴川机场,西安咸阳国际机场,ZHA,XIY,00:45,,2026-09-01,2026-10-24,,1360
GS6562,南宁,海口,21:50,135,666/2666,天津航空,广西,海南,南宁吴圩国际机场,海口美兰国际机场,NNG,HAK,23:05,,2026-09-01,2026-10-24,,1361
GX8804,榆林,济南,21:50,1234567,666/2666,北部湾航空,陕西,山东,榆林榆阳机场,济南遥墙国际机场,UYN,TNA,23:20,,2026-09-01,2026-10-24,,1362
HU7060,荆州,海口,21:50,246,666/2666,海南航空,湖北,海南,荆州沙市机场,海口美兰国际机场,SHS,HAK,00:05,,2026-09-01,2026-10-24,,1363
HU7556,长春,西安,21:50,1234567,666/2666,海南航空,吉林,陕西,长春龙嘉国际机场,西安咸阳国际机场,CGQ,XIY,00:55,,2026-09-01,2026-10-24,,1364
HU7686,石家庄,大连,21:50,246,666/2666,海南航空,河北,辽宁,石家庄正定国际机场,大连周水子国际机场,SJW,DLC,23:15,,2026-09-01,2026-10-24,,1365
JD5788,西双版纳,杭州,21:50,5,666/2666,首都航空,云南,浙江,西双版纳嘎洒国际机场,杭州萧山国际机场,JHG,HGH,01:15,,2026-09-01,2026-10-24,,1366
UQ2594,陇南,乌鲁木齐,21:50,246,666/2666,乌鲁木齐航空,甘肃,新疆,陇南成县机场,乌鲁木齐天山国际机场,LNL,URC,01:00,,2026-09-01,2026-10-24,,1367
8L9518,西宁,郑州,21:55,1234567,666/2666,祥鹏航空,青海,河南,西宁曹家堡国际机场,郑州新郑国际机场,XNN,CGO,23:55,,2026-09-01,2026-10-24,,1368
8L9734,银川,昆明,21:55,1234567,666/2666,祥鹏航空,宁夏,云南,银川河东国际机场,昆明长水国际机场,INC,KMG,00:35,,2026-09-01,2026-10-24,,1369
8L9894,信阳,昆明,21:55,246,666/2666,祥鹏航空,河南,云南,信阳明港机场,昆明长水国际机场,XAI,KMG,00:30,,2026-09-01,2026-10-24,,1370
9H8396,桂林,西安,21:55,246,666/2666,长安航空,广西,陕西,桂林两江国际机场,西安咸阳国际机场,KWL,XIY,00:05,,2026-09-01,2026-10-24,,1371
CN7670,银川,北京,21:55,1234567,666/2666,大新华航空,宁夏,北京,银川河东国际机场,北京首都国际机场,INC,PEK,00:05,,2026-09-01,2026-10-24,,1372
FU6512,贵阳,福州,21:55,246,666/2666,福州航空,贵州,福建,贵阳龙洞堡国际机场,福州长乐国际机场,KWE,FOC,23:55,,2026-09-01,2026-10-24,,1373
GS6553,海口,重庆,21:55,1234567,666/2666,天津航空,海南,重庆,海口美兰国际机场,重庆江北国际机场,HAK,CKG,00:05,,2026-09-01,2026-10-24,,1374
GS7564,喀什,乌鲁木齐,21:55,1234567,666/2666,天津航空,新疆,新疆,喀什徕宁国际机场,乌鲁木齐天山国际机场,KHG,URC,23:40,,2026-09-01,2026-10-24,,1375
HU7130,哈尔滨,北京,21:55,1234567,666/2666,海南航空,黑龙江,北京,哈尔滨太平国际机场,北京首都国际机场,HRB,PEK,00:15,9.28~10.9,2026-09-28,2026-10-09,,1376
HU7206,济南,广州,21:55,1234567,666/2666,海南航空,山东,广东,济南遥墙国际机场,广州白云国际机场,TNA,CAN,00:40,,2026-09-01,2026-10-24,,1377
HU7694,长沙,太原,21:55,1234567,666/2666,海南航空,湖南,山西,长沙黄花国际机场,太原武宿国际机场,CSX,TYN,00:05,,2026-09-01,2026-10-24,,1378
JD5016,珠海,海口,21:55,1234567,666/2666,首都航空,广东,海南,珠海金湾机场,海口美兰国际机场,ZUH,HAK,23:00,9.29~10.8,2026-09-29,2026-10-08,,1379
JD5052,十堰,丽江,21:55,1357,666/2666,首都航空,湖北,云南,十堰武当山机场,丽江三义国际机场,WDS,LJG,00:15,,2026-09-01,2026-10-24,,1380
JD5158,昆明,杭州,21:55,1234567,666/2666,首都航空,云南,浙江,昆明长水国际机场,杭州萧山国际机场,KMG,HGH,01:05,,2026-09-01,2026-10-24,,1381
JD5922,广州,北京,21:55,1234567,666/2666,首都航空,广东,北京,广州白云国际机场,北京大兴国际机场,CAN,PKX,00:55,,2026-09-01,2026-10-24,,1382
PN6202,西宁,郑州,21:55,246,666/2666,西部航空,青海,河南,西宁曹家堡国际机场,郑州新郑国际机场,XNN,CGO,00:05,,2026-09-01,2026-10-24,,1383
PN6298,惠州,重庆,21:55,1246,666/2666,西部航空,广东,重庆,惠州平潭机场,重庆江北国际机场,HUZ,CKG,00:15,,2026-09-01,2026-10-24,,1384
8L9568,兰州,昆明,22:00,1,666/2666,祥鹏航空,甘肃,云南,兰州中川国际机场,昆明长水国际机场,LHW,KMG,00:20,,2026-09-01,2026-10-24,,1385
9H8390,北海,西安,22:00,1234567,666/2666,长安航空,广西,陕西,北海福成机场,西安咸阳国际机场,BHY,XIY,00:50,,2026-09-01,2026-10-24,,1386
FU6702,贵阳,厦门,22:00,1357,666/2666,福州航空,贵州,福建,贵阳龙洞堡国际机场,厦门高崎国际机场,KWE,XMN,00:10,,2026-09-01,2026-10-24,,1387
GS6502,济宁,榆林,22:00,1357,666/2666,天津航空,山东,陕西,济宁大安机场,榆林榆阳机场,JNG,UYN,23:35,,2026-09-01,2026-10-24,,1388
GS7477,乌鲁木齐,阿克苏,22:00,1357,666/2666,天津航空,新疆,新疆,乌鲁木齐天山国际机场,阿克苏红旗坡机场,URC,AKU,23:15,,2026-09-01,2026-10-24,,1389
GX8824,亳州,南宁,22:00,246,666/2666,北部湾航空,安徽,广西,亳州机场,南宁吴圩国际机场,BZJ,NNG,00:30,,2026-09-01,2026-10-24,,1390
HU7240,太原,广州,22:00,1234567,666/2666,海南航空,山西,广东,太原武宿国际机场,广州白云国际机场,TYN,CAN,01:10,,2026-09-01,2026-10-24,,1391
HU7309,三亚,广州,22:00,1234567,666/2666,海南航空,海南,广东,三亚凤凰国际机场,广州白云国际机场,SYX,CAN,23:50,,2026-09-01,2026-10-24,,1392
HU7446,太原,杭州,22:00,1234567,666/2666,海南航空,山西,浙江,太原武宿国际机场,杭州萧山国际机场,TYN,HGH,00:05,10.9始,2026-10-09,2026-10-24,,1393
JD5106,黄山,西安,22:00,1357,666/2666,首都航空,安徽,陕西,黄山屯溪国际机场,西安咸阳国际机场,TXN,XIY,00:10,,2026-09-01,2026-10-24,,1394
JD5288,贵阳,三亚,22:00,1234567,666/2666,首都航空,贵州,海南,贵阳龙洞堡国际机场,三亚凤凰国际机场,KWE,SYX,00:05,,2026-09-01,2026-10-24,,1395
JD5514,宜春,西安,22:00,1357,666/2666,首都航空,江西,陕西,宜春明月山机场,西安咸阳国际机场,YIC,XIY,23:50,,2026-09-01,2026-10-24,,1396
JD5550,南京,丽江,22:00,1234567,666/2666,首都航空,江苏,云南,南京禄口国际机场,丽江三义国际机场,NKG,LJG,01:00,,2026-09-01,2026-10-24,,1397
8L9718,南昌,成都,22:05,1234567,666/2666,祥鹏航空,江西,四川,南昌昌北国际机场,成都天府国际机场,KHN,TFU,00:35,,2026-09-01,2026-10-24,,1398
FU6764,张家界,福州,22:05,246,666/2666,福州航空,湖南,福建,张家界荷花国际机场,福州长乐国际机场,DYG,FOC,00:10,,2026-09-01,2026-10-24,,1399
GX8878,西宁,南宁,22:05,1234567,666/2666,北部湾航空,青海,广西,西宁曹家堡国际机场,南宁吴圩国际机场,XNN,NNG,00:45,,2026-09-01,2026-10-24,,1400
GX8992,信阳,海口,22:05,246,666/2666,北部湾航空,河南,海南,信阳明港机场,海口美兰国际机场,XAI,HAK,00:40,,2026-09-01,2026-10-24,,1401
HU7129,北京,哈尔滨,22:05,1234567,666/2666,海南航空,北京,黑龙江,北京首都国际机场,哈尔滨太平国际机场,PEK,HRB,00:05,9.28~10.9,2026-09-28,2026-10-09,,1402
HU7254,兰州,广州,22:05,1234567,666/2666,海南航空,甘肃,广东,兰州中川国际机场,广州白云国际机场,LHW,CAN,01:15,,2026-09-01,2026-10-24,,1403
HU7337,北京,西安,22:05,1234567,666/2666,海南航空,北京,陕西,北京首都国际机场,西安咸阳国际机场,PEK,XIY,00:30,,2026-09-01,2026-10-24,,1404
HU7377,北京,杭州,22:05,1234567,666/2666,海南航空,北京,浙江,北京首都国际机场,杭州萧山国际机场,PEK,HGH,00:25,,2026-09-01,2026-10-24,,1405
JD5170,中卫,杭州,22:05,246,666/2666,首都航空,宁夏,浙江,中卫沙坡头机场,杭州萧山国际机场,ZHY,HGH,01:15,,2026-09-01,2026-10-24,,1406
JD5902,天津,杭州,22:05,1234567,666/2666,首都航空,天津,浙江,天津滨海国际机场,杭州萧山国际机场,TSN,HGH,00:10,,2026-09-01,2026-10-24,,1407
PN6246,乌鲁木齐,郑州,22:05,1234567,666/2666,西部航空,新疆,河南,乌鲁木齐天山国际机场,郑州新郑国际机场,URC,CGO,01:55,,2026-09-01,2026-10-24,,1408
PN6464,长春,郑州,22:05,1357,666/2666,西部航空,吉林,河南,长春龙嘉国际机场,郑州新郑国际机场,CGQ,CGO,00:55,,2026-09-01,2026-10-24,,1409
UQ3510,重庆,郑州,22:05,1234567,666/2666,乌鲁木齐航空,重庆,河南,重庆江北国际机场,郑州新郑国际机场,CKG,CGO,23:50,,2026-09-01,2026-10-24,,1410
FU6631,青岛,哈尔滨,22:10,1357,666/2666,福州航空,山东,黑龙江,青岛胶东国际机场,哈尔滨太平国际机场,TAO,HRB,00:05,,2026-09-01,2026-10-24,,1411
HU7565,柳州,西安,22:10,246,666/2666,海南航空,广西,陕西,柳州白莲机场,西安咸阳国际机场,LZH,XIY,00:25,,2026-09-01,2026-10-24,,1412
HU7588,桂林,西安,22:10,1234567,666/2666,海南航空,广西,陕西,桂林两江国际机场,西安咸阳国际机场,KWL,XIY,00:25,10.7止,2026-09-01,2026-10-07,,1413
HU7598,青岛,杭州,22:10,246,666/2666,海南航空,山东,浙江,青岛胶东国际机场,杭州萧山国际机场,TAO,HGH,00:05,,2026-09-01,2026-10-24,,1414
HU7788,宁波,长沙,22:10,1234567,666/2666,海南航空,浙江,湖南,宁波栎社国际机场,长沙黄花国际机场,NGB,CSX,00:05,,2026-09-01,2026-10-24,,1415
8L9746,遵义,大理,22:15,1357,666/2666,祥鹏航空,贵州,云南,遵义茅台机场,大理凤仪机场,WMT,DLU,23:45,,2026-09-01,2026-10-24,,1416
FU6552,郑州,福州,22:15,1234567,666/2666,福州航空,河南,福建,郑州新郑国际机场,福州长乐国际机场,CGO,FOC,00:15,,2026-09-01,2026-10-24,,1417
FU6594,长沙,厦门,22:15,1234567,666/2666,福州航空,湖南,福建,长沙黄花国际机场,厦门高崎国际机场,CSX,XMN,23:50,,2026-09-01,2026-10-24,,1418
FU6718,舟山,厦门,22:15,1234567,666/2666,福州航空,浙江,福建,舟山普陀山机场,厦门高崎国际机场,HSN,XMN,23:45,,2026-09-01,2026-10-24,,1419
FU6766,西安,福州,22:15,1234567,666/2666,福州航空,陕西,福建,西安咸阳国际机场,福州长乐国际机场,XIY,FOC,00:45,,2026-09-01,2026-10-24,,1420
GS6413,天津,呼和浩特,22:15,1234567,666/2666,天津航空,天津,内蒙古,天津滨海国际机场,呼和浩特白塔国际机场,TSN,HET,23:45,,2026-09-01,2026-10-24,,1421
GS6450,深圳,重庆,22:15,1234567,666/2666,天津航空,广东,重庆,深圳宝安国际机场,重庆江北国际机场,SZX,CKG,00:35,,2026-09-01,2026-10-24,,1422
GS6514,重庆,榆林,22:15,246,666/2666,天津航空,重庆,陕西,重庆江北国际机场,榆林榆阳机场,CKG,UYN,00:05,,2026-09-01,2026-10-24,,1423
GS6604,呼和浩特,重庆,22:15,246,666/2666,天津航空,内蒙古,重庆,呼和浩特白塔国际机场,重庆江北国际机场,HET,CKG,00:30,9.26止,2026-09-01,2026-09-26,,1424
GS6676,赤峰,石家庄,22:15,1357,666/2666,天津航空,内蒙古,河北,赤峰玉龙机场,石家庄正定国际机场,CIF,SJW,23:35,,2026-09-01,2026-10-24,,1425
GS6682,赤峰,呼和浩特,22:15,246,666/2666,天津航空,内蒙古,内蒙古,赤峰玉龙机场,呼和浩特白塔国际机场,CIF,HET,23:35,,2026-09-01,2026-10-24,,1426
GS7524,西安,乌鲁木齐,22:15,1357,666/2666,天津航空,陕西,新疆,西安咸阳国际机场,乌鲁木齐天山国际机场,XIY,URC,01:25,,2026-09-01,2026-10-24,,1427
GS7540,乌鲁木齐,喀什,22:15,1234567,666/2666,天津航空,新疆,新疆,乌鲁木齐天山国际机场,喀什徕宁国际机场,URC,KHG,23:55,,2026-09-01,2026-10-24,,1428
GS7602,遵义,西安,22:15,1357,666/2666,天津航空,贵州,陕西,遵义茅台机场,西安咸阳国际机场,WMT,XIY,23:45,,2026-09-01,2026-10-24,,1429
GS7627,西安,榆林,22:15,1234567,666/2666,天津航空,陕西,陕西,西安咸阳国际机场,榆林榆阳机场,XIY,UYN,23:20,,2026-09-01,2026-10-24,,1430
GS7660,南京,西安,22:15,1234567,666/2666,天津航空,江苏,陕西,南京禄口国际机场,西安咸阳国际机场,NKG,XIY,00:10,,2026-09-01,2026-10-24,,1431
GS7728,郑州,惠州,22:15,1234567,666/2666,天津航空,河南,广东,郑州新郑国际机场,惠州平潭机场,CGO,HUZ,00:30,,2026-09-01,2026-10-24,,1432
GX7892,重庆,济南,22:15,246,666/2666,北部湾航空,重庆,山东,重庆江北国际机场,济南遥墙国际机场,CKG,TNA,00:15,,2026-09-01,2026-10-24,,1433
GX8896,南阳,海口,22:15,1357,666/2666,北部湾航空,河南,海南,南阳姜营机场,海口美兰国际机场,NNY,HAK,00:45,,2026-09-01,2026-10-24,,1434
HU7050,贵阳,海口,22:15,1234567,666/2666,海南航空,贵州,海南,贵阳龙洞堡国际机场,海口美兰国际机场,KWE,HAK,23:55,9.28~10.10,2026-09-28,2026-10-10,,1435
HU7748,太原,深圳,22:15,1357,666/2666,海南航空,山西,广东,太原武宿国际机场,深圳宝安国际机场,TYN,SZX,01:15,,2026-09-01,2026-10-24,,1436
JD5780,桂林,北京,22:15,1234567,666/2666,首都航空,广西,北京,桂林两江国际机场,北京大兴国际机场,KWL,PKX,00:55,,2026-09-01,2026-10-24,,1437
PN6446,丽江,郑州,22:15,1234567,666/2666,西部航空,云南,河南,丽江三义国际机场,郑州新郑国际机场,LJG,CGO,00:50,,2026-09-01,2026-10-24,,1438
PN6468,吐鲁番,重庆,22:15,246,666/2666,西部航空,新疆,重庆,吐鲁番交河机场,重庆江北国际机场,TLQ,CKG,01:55,,2026-09-01,2026-10-24,,1439
8L9872,宜昌,昆明,22:20,1234567,666/2666,祥鹏航空,湖北,云南,宜昌三峡机场,昆明长水国际机场,YIH,KMG,00:10,,2026-09-01,2026-10-24,,1440
9H8322,昆明,西安,22:20,1234567,666/2666,长安航空,云南,陕西,昆明长水国际机场,西安咸阳国际机场,KMG,XIY,00:35,,2026-09-01,2026-10-24,,1441
9H8374,铜仁,西安,22:20,1234567,666/2666,长安航空,贵州,陕西,铜仁凤凰机场,西安咸阳国际机场,TEN,XIY,00:05,,2026-09-01,2026-10-24,,1442
9H8392,贵阳,西安,22:20,1234567,666/2666,长安航空,贵州,陕西,贵阳龙洞堡国际机场,西安咸阳国际机场,KWE,XIY,00:15,,2026-09-01,2026-10-24,,1443
GS6440,青岛,大连,22:20,1357,666/2666,天津航空,山东,辽宁,青岛胶东国际机场,大连周水子国际机场,TAO,DLC,23:20,,2026-09-01,2026-10-24,,1444
GS7452,榆林,西安,22:20,1357,666/2666,天津航空,陕西,陕西,榆林榆阳机场,西安咸阳国际机场,UYN,XIY,23:35,,2026-09-01,2026-10-24,,1445
GS7526,西安,乌鲁木齐,22:20,246,666/2666,天津航空,陕西,新疆,西安咸阳国际机场,乌鲁木齐天山国际机场,XIY,URC,01:25,9.22始,2026-09-22,2026-10-24,,1446
GS7654,昆明,西安,22:20,1234567,666/2666,天津航空,云南,陕西,昆明长水国际机场,西安咸阳国际机场,KMG,XIY,00:40,,2026-09-01,2026-10-24,,1447
GS7718,宜昌,惠州,22:20,246,666/2666,天津航空,湖北,广东,宜昌三峡机场,惠州平潭机场,YIH,HUZ,00:10,9.22~10.17,2026-09-22,2026-10-17,,1448
HU7660,天津,大连,22:20,1234567,666/2666,海南航空,天津,辽宁,天津滨海国际机场,大连周水子国际机场,TSN,DLC,23:35,,2026-09-01,2026-10-24,,1449
HU7730,日照,深圳,22:20,246,666/2666,海南航空,山东,广东,日照山字河机场,深圳宝安国际机场,RIZ,SZX,01:20,,2026-09-01,2026-10-24,,1450
PN6236,安庆,重庆,22:20,246,666/2666,西部航空,安徽,重庆,安庆天柱山机场,重庆江北国际机场,AQG,CKG,00:30,,2026-09-01,2026-10-24,,1451
PN6320,南宁,郑州,22:20,246,666/2666,西部航空,广西,河南,南宁吴圩国际机场,郑州新郑国际机场,NNG,CGO,00:50,,2026-09-01,2026-10-24,,1452
UQ2501,乌鲁木齐,和田,22:20,1234567,666/2666,乌鲁木齐航空,新疆,新疆,乌鲁木齐天山国际机场,和田昆冈机场,URC,HTN,00:30,,2026-09-01,2026-10-24,,1453
UQ2600,乌鲁木齐,于田,22:20,1234567,666/2666,乌鲁木齐航空,新疆,新疆,乌鲁木齐天山国际机场,于田万方机场,URC,YTW,00:35,,2026-09-01,2026-10-24,,1454
Y87577,上海,深圳,22:20,1234567,666/2666,金鹏航空,上海,广东,上海浦东国际机场,深圳宝安国际机场,PVG,SZX,00:50,,2026-09-01,2026-10-24,,1455
GX8822,厦门,南宁,22:25,1234567,666/2666,北部湾航空,福建,广西,厦门高崎国际机场,南宁吴圩国际机场,XMN,NNG,00:35,,2026-09-01,2026-10-24,,1456
HU7106,大连,北京,22:25,1234567,666/2666,海南航空,辽宁,北京,大连周水子国际机场,北京首都国际机场,DLC,PEK,00:05,9.24始,2026-09-24,2026-10-24,,1457
HU7397,深圳,杭州,22:25,1234567,666/2666,海南航空,广东,浙江,深圳宝安国际机场,杭州萧山国际机场,SZX,HGH,00:35,,2026-09-01,2026-10-24,,1458
HU7557,深圳,重庆,22:25,1234567,666/2666,海南航空,广东,重庆,深圳宝安国际机场,重庆江北国际机场,SZX,CKG,01:05,,2026-09-01,2026-10-24,,1459
HU7776,太原,深圳,22:25,1357,666/2666,海南航空,山西,广东,太原武宿国际机场,深圳宝安国际机场,TYN,SZX,01:20,,2026-09-01,2026-10-24,,1460
JD5330,武汉,海口,22:25,1234567,666/2666,首都航空,湖北,海南,武汉天河国际机场,海口美兰国际机场,WUH,HAK,01:15,,2026-09-01,2026-10-24,,1461
JD5552,杭州,西安,22:25,246,666/2666,首都航空,浙江,陕西,杭州萧山国际机场,西安咸阳国际机场,HGH,XIY,01:00,10.13始,2026-10-13,2026-10-24,,1462
GS7460,南昌,榆林,22:30,1357,666/2666,天津航空,江西,陕西,南昌昌北国际机场,榆林榆阳机场,KHN,UYN,00:45,,2026-09-01,2026-10-24,,1463
GX7866,济宁,海口,22:30,1357,666/2666,北部湾航空,山东,海南,济宁大安机场,海口美兰国际机场,JNG,HAK,01:35,9.21始,2026-09-21,2026-10-24,,1464
GX7872,西宁,济南,22:30,1357,666/2666,北部湾航空,青海,山东,西宁曹家堡国际机场,济南遥墙国际机场,XNN,TNA,00:45,,2026-09-01,2026-10-24,,1465
GX8919,十堰,南宁,22:30,1357,666/2666,北部湾航空,湖北,广西,十堰武当山机场,南宁吴圩国际机场,WDS,NNG,00:40,,2026-09-01,2026-10-24,,1466
GX8980,万州,海口,22:30,246,666/2666,北部湾航空,重庆,海南,万州五桥机场,海口美兰国际机场,WXN,HAK,00:50,,2026-09-01,2026-10-24,,1467
HU7011,海口,广州,22:30,1234567,666/2666,海南航空,海南,广东,海口美兰国际机场,广州白云国际机场,HAK,CAN,00:05,,2026-09-01,2026-10-24,,1468
HU7064,武汉,海口,22:30,1234567,666/2666,海南航空,湖北,海南,武汉天河国际机场,海口美兰国际机场,WUH,HAK,01:05,,2026-09-01,2026-10-24,,1469
HU7070,南昌,海口,22:30,1234567,666/2666,海南航空,江西,海南,南昌昌北国际机场,海口美兰国际机场,KHN,HAK,00:50,,2026-09-01,2026-10-24,,1470
HU7134,榆林,北京,22:30,146,666/2666,海南航空,陕西,北京,榆林榆阳机场,北京首都国际机场,UYN,PEK,00:05,,2026-09-01,2026-10-24,,1471
HU7194,霍林郭勒,北京,22:30,1357,666/2666,海南航空,内蒙古,北京,霍林河机场,北京首都国际机场,HUO,PEK,00:15,,2026-09-01,2026-10-24,,1472
HU7456,汉中,杭州,22:30,1357,666/2666,海南航空,陕西,浙江,汉中城固机场,杭州萧山国际机场,HZG,HGH,00:50,,2026-09-01,2026-10-24,,1473
JD5222,二连浩特,北京,22:30,1234567,666/2666,首都航空,内蒙古,北京,二连浩特赛乌素机场,北京大兴国际机场,ERL,PKX,23:45,,2026-09-01,2026-10-24,,1474
Y87564,陇南,深圳,22:30,1357,666/2666,金鹏航空,甘肃,广东,陇南成县机场,深圳宝安国际机场,LNL,SZX,00:55,,2026-09-01,2026-10-24,,1475
Y87570,郑州,深圳,22:30,246,666/2666,金鹏航空,河南,广东,郑州新郑国际机场,深圳宝安国际机场,CGO,SZX,00:55,,2026-09-01,2026-10-24,,1476
8L9572,赣州,昆明,22:35,1234567,666/2666,祥鹏航空,江西,云南,赣州黄金机场,昆明长水国际机场,KOW,KMG,00:55,,2026-09-01,2026-10-24,,1477
JD5136,杭州,三亚,22:35,1234567,666/2666,首都航空,浙江,海南,杭州萧山国际机场,三亚凤凰国际机场,HGH,SYX,01:25,,2026-09-01,2026-10-24,,1478
JD5190,西安,三亚,22:35,1234567,666/2666,首都航空,陕西,海南,西安咸阳国际机场,三亚凤凰国际机场,XIY,SYX,01:30,,2026-09-01,2026-10-24,,1479
JD5376,郑州,海口,22:35,1234567,666/2666,首都航空,河南,海南,郑州新郑国际机场,海口美兰国际机场,CGO,HAK,01:20,9.29~10.8,2026-09-29,2026-10-08,,1480
PN6282,泉州,郑州,22:35,1234567,666/2666,西部航空,福建,河南,泉州晋江国际机场,郑州新郑国际机场,JJN,CGO,00:50,,2026-09-01,2026-10-24,,1481
PN6514,遵义,郑州,22:35,246,666/2666,西部航空,贵州,河南,遵义茅台机场,郑州新郑国际机场,WMT,CGO,00:30,,2026-09-01,2026-10-24,,1482
Y87504,青岛,上海,22:35,246,666/2666,金鹏航空,山东,上海,青岛胶东国际机场,上海浦东国际机场,TAO,PVG,00:10,,2026-09-01,2026-10-24,,1483
Y87510,贵阳,上海,22:35,1234567,666/2666,金鹏航空,贵州,上海,贵阳龙洞堡国际机场,上海浦东国际机场,KWE,PVG,00:55,,2026-09-01,2026-10-24,,1484
9H8316,巴中,西安,22:40,246,666/2666,长安航空,四川,陕西,巴中恩阳机场,西安咸阳国际机场,BZX,XIY,23:55,,2026-09-01,2026-10-24,,1485
GS7632,唐山,西安,22:40,1357,666/2666,天津航空,河北,陕西,唐山三女河机场,西安咸阳国际机场,TVS,XIY,01:05,9.28~10.9,2026-09-28,2026-10-09,,1486
GS7872,上饶,天津,22:40,246,666/2666,天津航空,江西,天津,上饶三清山机场,天津滨海国际机场,SQD,TSN,00:55,,2026-09-01,2026-10-24,,1487
GX8818,洛阳,南宁,22:40,246,666/2666,北部湾航空,河南,广西,洛阳北郊机场,南宁吴圩国际机场,LYA,NNG,01:00,9.22~10.17,2026-09-22,2026-10-17,,1488
GX8826,洛阳,南宁,22:40,1357,666/2666,北部湾航空,河南,广西,洛阳北郊机场,南宁吴圩国际机场,LYA,NNG,00:55,,2026-09-01,2026-10-24,,1489
GX8836,徐州,南宁,22:40,1357,666/2666,北部湾航空,江苏,广西,徐州观音国际机场,南宁吴圩国际机场,XUZ,NNG,01:30,,2026-09-01,2026-10-24,,1490
HU7012,广州,海口,22:40,1234567,666/2666,海南航空,广东,海南,广州白云国际机场,海口美兰国际机场,CAN,HAK,00:20,,2026-09-01,2026-10-24,,1491
HU7566,柳州,海口,22:40,246,666/2666,海南航空,广西,海南,柳州白莲机场,海口美兰国际机场,LZH,HAK,00:05,,2026-09-01,2026-10-24,,1492
HU7654,泉州,海口,22:40,1234567,666/2666,海南航空,福建,海南,泉州晋江国际机场,海口美兰国际机场,JJN,HAK,00:45,,2026-09-01,2026-10-24,,1493
JD5280,石家庄,杭州,22:40,1234567,666/2666,首都航空,河北,浙江,石家庄正定国际机场,杭州萧山国际机场,SJW,HGH,01:05,,2026-09-01,2026-10-24,,1494
JD5538,韶关,西安,22:40,246,666/2666,首都航空,广东,陕西,韶关丹霞机场,西安咸阳国际机场,HSC,XIY,01:20,,2026-09-01,2026-10-24,,1495
8L9636,大理,成都,22:45,1234567,666/2666,祥鹏航空,云南,四川,大理凤仪机场,成都天府国际机场,DLU,TFU,00:20,,2026-09-01,2026-10-24,,1496
GS7662,张家界,西安,22:45,1234567,666/2666,天津航空,湖南,陕西,张家界荷花国际机场,西安咸阳国际机场,DYG,XIY,23:55,9.28始,2026-09-28,2026-10-24,,1497
GX8912,毕节,海口,22:45,246,666/2666,北部湾航空,贵州,海南,毕节飞雄机场,海口美兰国际机场,BFJ,HAK,00:30,,2026-09-01,2026-10-24,,1498
HU7124,鸡西,北京,22:45,246,666/2666,海南航空,黑龙江,北京,鸡西兴凯湖机场,北京首都国际机场,JXA,PEK,01:30,,2026-09-01,2026-10-24,,1499
JD5348,石家庄,广州,22:45,1234567,666/2666,首都航空,河北,广东,石家庄正定国际机场,广州白云国际机场,SJW,CAN,01:30,,2026-09-01,2026-10-24,,1500
PN6346,西双版纳,重庆,22:45,246,666/2666,西部航空,云南,重庆,西双版纳嘎洒国际机场,重庆江北国际机场,JHG,CKG,00:45,,2026-09-01,2026-10-24,,1501
PN6404,西双版纳,重庆,22:45,1357,666/2666,西部航空,云南,重庆,西双版纳嘎洒国际机场,重庆江北国际机场,JHG,CKG,00:45,,2026-09-01,2026-10-24,,1502
8L9502,郑州,昆明,22:50,1234567,666/2666,祥鹏航空,河南,云南,郑州新郑国际机场,昆明长水国际机场,CGO,KMG,01:25,,2026-09-01,2026-10-24,,1503
GS6568,柳州,海口,22:50,1357,666/2666,天津航空,广西,海南,柳州白莲机场,海口美兰国际机场,LZH,HAK,23:50,,2026-09-01,2026-10-24,,1504
GS7504,博乐,乌鲁木齐,22:50,1234567,666/2666,天津航空,新疆,新疆,博乐阿拉山口机场,乌鲁木齐天山国际机场,BPL,URC,00:10,,2026-09-01,2026-10-24,,1505
GS7818,宜昌,天津,22:50,246,666/2666,天津航空,湖北,天津,宜昌三峡机场,天津滨海国际机场,YIH,TSN,00:45,,2026-09-01,2026-10-24,,1506
GX8960,济宁,南宁,22:50,1234567,666/2666,北部湾航空,山东,广西,济宁大安机场,南宁吴圩国际机场,JNG,NNG,01:35,,2026-09-01,2026-10-24,,1507
HU7672,呼和浩特,大连,22:50,1357,666/2666,海南航空,内蒙古,辽宁,呼和浩特白塔国际机场,大连周水子国际机场,HET,DLC,00:40,,2026-09-01,2026-10-24,,1508
JD5116,成都,丽江,22:50,1234567,666/2666,首都航空,四川,云南,成都天府国际机场,丽江三义国际机场,TFU,LJG,00:10,,2026-09-01,2026-10-24,,1509
JD5301,西安,杭州,22:50,124567,666/2666,首都航空,陕西,浙江,西安咸阳国际机场,杭州萧山国际机场,XIY,HGH,01:10,,2026-09-01,2026-10-24,,1510
JD5690,宜昌,杭州,22:50,1234567,666/2666,首都航空,湖北,浙江,宜昌三峡机场,杭州萧山国际机场,YIH,HGH,00:35,,2026-09-01,2026-10-24,,1511
JD5710,延安,杭州,22:50,1357,666/2666,首都航空,陕西,浙江,延安南泥湾机场,杭州萧山国际机场,ENY,HGH,01:15,,2026-09-01,2026-10-24,,1512
PN6232,北海,重庆,22:50,1246,666/2666,西部航空,广西,重庆,北海福成机场,重庆江北国际机场,BHY,CKG,00:40,,2026-09-01,2026-10-24,,1513
PN6274,郑州,重庆,22:50,1234567,666/2666,西部航空,河南,重庆,郑州新郑国际机场,重庆江北国际机场,CGO,CKG,01:00,,2026-09-01,2026-10-24,,1514
Y87520,郑州,上海,22:50,1234567,666/2666,金鹏航空,河南,上海,郑州新郑国际机场,上海浦东国际机场,CGO,PVG,00:40,,2026-09-01,2026-10-24,,1515
8L9627,成都,昆明,22:55,1234567,666/2666,祥鹏航空,四川,云南,成都天府国际机场,昆明长水国际机场,TFU,KMG,00:25,,2026-09-01,2026-10-24,,1516
8L9798,贵阳,丽江,22:55,1234567,666/2666,祥鹏航空,贵州,云南,贵阳龙洞堡国际机场,丽江三义国际机场,KWE,LJG,00:35,,2026-09-01,2026-10-24,,1517
8L9836,西安,丽江,22:55,1234567,666/2666,祥鹏航空,陕西,云南,西安咸阳国际机场,丽江三义国际机场,XIY,LJG,01:20,,2026-09-01,2026-10-24,,1518
8L9920,芒市,昆明,22:55,1234567,666/2666,祥鹏航空,云南,云南,德宏芒市机场,昆明长水国际机场,LUM,KMG,00:05,,2026-09-01,2026-10-24,,1519
8L9947,昆明,成都,22:55,1234567,666/2666,祥鹏航空,云南,四川,昆明长水国际机场,成都天府国际机场,KMG,TFU,00:35,,2026-09-01,2026-10-24,,1520
GS6453,贵阳,海口,22:55,1234567,666/2666,天津航空,贵州,海南,贵阳龙洞堡国际机场,海口美兰国际机场,KWE,HAK,00:30,,2026-09-01,2026-10-24,,1521
GS6462,厦门,贵阳,22:55,246,666/2666,天津航空,福建,贵州,厦门高崎国际机场,贵阳龙洞堡国际机场,XMN,KWE,00:55,,2026-09-01,2026-10-24,,1522
GS7502,西宁,乌鲁木齐,22:55,1234567,666/2666,天津航空,青海,新疆,西宁曹家堡国际机场,乌鲁木齐天山国际机场,XNN,URC,01:40,,2026-09-01,2026-10-24,,1523
GS7870,宜昌,天津,22:55,1357,666/2666,天津航空,湖北,天津,宜昌三峡机场,天津滨海国际机场,YIH,TSN,00:55,,2026-09-01,2026-10-24,,1524
HU7734,郑州,深圳,22:55,1234567,666/2666,海南航空,河南,广东,郑州新郑国际机场,深圳宝安国际机场,CGO,SZX,01:15,,2026-09-01,2026-10-24,,1525
HU7758,上海,长沙,22:55,1357,666/2666,海南航空,上海,湖南,上海浦东国际机场,长沙黄花国际机场,PVG,CSX,01:05,,2026-09-01,2026-10-24,,1526
JD5290,深圳,杭州,22:55,1234567,666/2666,首都航空,广东,浙江,深圳宝安国际机场,杭州萧山国际机场,SZX,HGH,01:10,,2026-09-01,2026-10-24,,1527
PN6284,温州,重庆,22:55,1357,666/2666,西部航空,浙江,重庆,温州龙湾国际机场,重庆江北国际机场,WNZ,CKG,01:35,,2026-09-01,2026-10-24,,1528
PN6318,石家庄,重庆,22:55,246,666/2666,西部航空,河北,重庆,石家庄正定国际机场,重庆江北国际机场,SJW,CKG,01:30,,2026-09-01,2026-10-24,,1529
UQ2582,喀什,乌鲁木齐,22:55,246,666/2666,乌鲁木齐航空,新疆,新疆,喀什徕宁国际机场,乌鲁木齐天山国际机场,KHG,URC,01:00,,2026-09-01,2026-10-24,,1530
Y87526,济南,深圳,22:55,1234567,666/2666,金鹏航空,山东,广东,济南遥墙国际机场,深圳宝安国际机场,TNA,SZX,01:30,,2026-09-01,2026-10-24,,1531
Y87530,郑州,深圳,22:55,1357,666/2666,金鹏航空,河南,广东,郑州新郑国际机场,深圳宝安国际机场,CGO,SZX,01:20,9.21始,2026-09-21,2026-10-24,,1532
8L9567,兰州,乌鲁木齐,23:00,2,666/2666,祥鹏航空,甘肃,新疆,兰州中川国际机场,乌鲁木齐天山国际机场,LHW,URC,01:50,,2026-09-01,2026-10-24,,1533
8L9878,泉州,昆明,23:00,1234567,666/2666,祥鹏航空,福建,云南,泉州晋江国际机场,昆明长水国际机场,JJN,KMG,01:50,,2026-09-01,2026-10-24,,1534
8L9890,深圳,昆明,23:00,1357,666/2666,祥鹏航空,广东,云南,深圳宝安国际机场,昆明长水国际机场,SZX,KMG,01:20,,2026-09-01,2026-10-24,,1535
8L9974,海口,昆明,23:00,1234567,666/2666,祥鹏航空,海南,云南,海口美兰国际机场,昆明长水国际机场,HAK,KMG,00:55,,2026-09-01,2026-10-24,,1536
GS7812,亳州,天津,23:00,1357,666/2666,天津航空,安徽,天津,亳州机场,天津滨海国际机场,BZJ,TSN,00:35,9.28始,2026-09-28,2026-10-24,,1537
HU7310,广州,三亚,23:00,1234567,666/2666,海南航空,广东,海南,广州白云国际机场,三亚凤凰国际机场,CAN,SYX,00:35,,2026-09-01,2026-10-24,,1538
HU7774,贵阳,深圳,23:00,1234567,666/2666,海南航空,贵州,广东,贵阳龙洞堡国际机场,深圳宝安国际机场,KWE,SZX,01:00,,2026-09-01,2026-10-24,,1539
PN6260,南京,重庆,23:00,1234567,666/2666,西部航空,江苏,重庆,南京禄口国际机场,重庆江北国际机场,NKG,CKG,01:30,,2026-09-01,2026-10-24,,1540
PN6276,青岛,重庆,23:00,1234567,666/2666,西部航空,山东,重庆,青岛胶东国际机场,重庆江北国际机场,TAO,CKG,01:50,,2026-09-01,2026-10-24,,1541
PN6450,揭阳,重庆,23:00,1234567,666/2666,西部航空,广东,重庆,揭阳潮汕国际机场,重庆江北国际机场,SWA,CKG,01:30,,2026-09-01,2026-10-24,,1542
UQ2621,乌鲁木齐,图木舒克,23:00,1234567,666/2666,乌鲁木齐航空,新疆,新疆,乌鲁木齐天山国际机场,图木舒克唐王城机场,URC,TWC,00:50,,2026-09-01,2026-10-24,,1543
Y87587,深圳,上海,23:00,7,666/2666,金鹏航空,广东,上海,深圳宝安国际机场,上海浦东国际机场,SZX,PVG,01:20,,2026-09-01,2026-10-24,,1544
8L9886,西安,昆明,23:05,1234567,666/2666,祥鹏航空,陕西,云南,西安咸阳国际机场,昆明长水国际机场,XIY,KMG,01:20,,2026-09-01,2026-10-24,,1545
GS6524,安康,榆林,23:05,246,666/2666,天津航空,陕西,陕西,安康富强机场,榆林榆阳机场,AKA,UYN,00:30,,2026-09-01,2026-10-24,,1546
GS6554,重庆,海口,23:05,1234567,666/2666,天津航空,重庆,海南,重庆江北国际机场,海口美兰国际机场,CKG,HAK,00:55,,2026-09-01,2026-10-24,,1547
HU7103,北京,大连,23:05,1234567,666/2666,海南航空,北京,辽宁,北京首都国际机场,大连周水子国际机场,PEK,DLC,00:30,9.24始,2026-09-24,2026-10-24,,1548
HU7535,北京,长沙,23:05,1234567,666/2666,海南航空,北京,湖南,北京首都国际机场,长沙黄花国际机场,PEK,CSX,01:40,,2026-09-01,2026-10-24,,1549
JD5088,贵阳,丽江,23:05,246,666/2666,首都航空,贵州,云南,贵阳龙洞堡国际机场,丽江三义国际机场,KWE,LJG,00:30,,2026-09-01,2026-10-24,,1550
PN6330,海口,郑州,23:05,1234567,666/2666,西部航空,海南,河南,海口美兰国际机场,郑州新郑国际机场,HAK,CGO,01:55,,2026-09-01,2026-10-24,,1551
PN6486,泉州,重庆,23:05,1357,666/2666,西部航空,福建,重庆,泉州晋江国际机场,重庆江北国际机场,JJN,CKG,01:40,,2026-09-01,2026-10-24,,1552
8L9507,昆明,郑州,23:10,1234567,666/2666,祥鹏航空,云南,河南,昆明长水国际机场,郑州新郑国际机场,KMG,CGO,01:40,,2026-09-01,2026-10-24,,1553
8L9744,泸州,大理,23:10,246,666/2666,祥鹏航空,四川,云南,泸州云龙机场,大理凤仪机场,LZO,DLU,00:35,,2026-09-01,2026-10-24,,1554
8L9858,重庆,昆明,23:10,1357,666/2666,祥鹏航空,重庆,云南,重庆江北国际机场,昆明长水国际机场,CKG,KMG,00:45,,2026-09-01,2026-10-24,,1555
GX8816,珠海,海口,23:10,246,666/2666,北部湾航空,广东,海南,珠海金湾机场,海口美兰国际机场,ZUH,HAK,00:15,9.24~10.17,2026-09-24,2026-10-17,,1556
GX8876,张家界,海口,23:10,246,666/2666,北部湾航空,湖南,海南,张家界荷花国际机场,海口美兰国际机场,DYG,HAK,00:45,,2026-09-01,2026-10-24,,1557
HU7028,深圳,海口,23:10,1234567,666/2666,海南航空,广东,海南,深圳宝安国际机场,海口美兰国际机场,SZX,HAK,00:35,,2026-09-01,2026-10-24,,1558
HU7749,三亚,深圳,23:10,1234567,666/2666,海南航空,海南,广东,三亚凤凰国际机场,深圳宝安国际机场,SYX,SZX,01:10,,2026-09-01,2026-10-24,,1559
HU7750,深圳,三亚,23:10,1234567,666/2666,海南航空,广东,海南,深圳宝安国际机场,三亚凤凰国际机场,SZX,SYX,00:50,,2026-09-01,2026-10-24,,1560
PN6234,厦门,郑州,23:10,1234567,666/2666,西部航空,福建,河南,厦门高崎国际机场,郑州新郑国际机场,XMN,CGO,01:30,,2026-09-01,2026-10-24,,1561
PN6452,广州,郑州,23:10,1234567,666/2666,西部航空,广东,河南,广州白云国际机场,郑州新郑国际机场,CAN,CGO,01:30,,2026-09-01,2026-10-24,,1562
GS7902,西安,天津,23:15,1234567,666/2666,天津航空,陕西,天津,西安咸阳国际机场,天津滨海国际机场,XIY,TSN,00:50,,2026-09-01,2026-10-24,,1563
HU6032,珠海,三亚,23:15,1234567,666/2666,海南航空,广东,海南,珠海金湾机场,三亚凤凰国际机场,ZUH,SYX,00:30,9.24始,2026-09-24,2026-10-24,,1564
PN6230,深圳,重庆,23:15,1234567,666/2666,西部航空,广东,重庆,深圳宝安国际机场,重庆江北国际机场,SZX,CKG,01:40,,2026-09-01,2026-10-24,,1565
PN6312,深圳,郑州,23:15,1234567,666/2666,西部航空,广东,河南,深圳宝安国际机场,郑州新郑国际机场,SZX,CGO,01:35,,2026-09-01,2026-10-24,,1566
8L9930,泸州,大理,23:20,246,666/2666,祥鹏航空,四川,云南,泸州云龙机场,大理凤仪机场,LZO,DLU,00:35,,2026-09-01,2026-10-24,,1567
GX8920,十堰,济南,23:20,1357,666/2666,北部湾航空,湖北,山东,十堰武当山机场,济南遥墙国际机场,WDS,TNA,00:55,,2026-09-01,2026-10-24,,1568
PN6570,长沙,重庆,23:20,1234567,666/2666,西部航空,湖南,重庆,长沙黄花国际机场,重庆江北国际机场,CSX,CKG,00:55,,2026-09-01,2026-10-24,,1569
JD5974,深圳,海口,23:25,4,666/2666,首都航空,广东,海南,深圳宝安国际机场,海口美兰国际机场,SZX,HAK,00:50,,2026-09-01,2026-10-24,,1570
PN6356,杭州,重庆,23:25,26,666/2666,西部航空,浙江,重庆,杭州萧山国际机场,重庆江北国际机场,HGH,CKG,01:55,9.29止,2026-09-01,2026-09-29,,1571
PN6466,大理,重庆,23:25,1234567,666/2666,西部航空,云南,重庆,大理凤仪机场,重庆江北国际机场,DLU,CKG,01:20,,2026-09-01,2026-10-24,,1572
GX8926,邯郸,南宁,23:30,246,666/2666,北部湾航空,河北,广西,邯郸机场,南宁吴圩国际机场,HDG,NNG,01:55,,2026-09-01,2026-10-24,,1573
PN6292,郴州,重庆,23:30,1357,666/2666,西部航空,湖南,重庆,郴州北湖机场,重庆江北国际机场,HCZ,CKG,01:30,,2026-09-01,2026-10-24,,1574
PN6328,济南,重庆,23:30,1234567,666/2666,西部航空,山东,重庆,济南遥墙国际机场,重庆江北国际机场,TNA,CKG,01:45,,2026-09-01,2026-10-24,,1575
UQ2502,和田,乌鲁木齐,23:30,1234567,666/2666,乌鲁木齐航空,新疆,新疆,和田昆冈机场,乌鲁木齐天山国际机场,HTN,URC,01:30,,2026-09-01,2026-10-24,,1576
GS7636,榆林,西安,23:35,1234567,666/2666,天津航空,陕西,陕西,榆林榆阳机场,西安咸阳国际机场,UYN,XIY,00:55,,2026-09-01,2026-10-24,,1577
GX8848,宜昌,南宁,23:35,1357,666/2666,北部湾航空,湖北,广西,宜昌三峡机场,南宁吴圩国际机场,YIH,NNG,01:20,,2026-09-01,2026-10-24,,1578
GX8850,张家界,南宁,23:35,246,666/2666,北部湾航空,湖南,广西,张家界荷花国际机场,南宁吴圩国际机场,DYG,NNG,01:10,,2026-09-01,2026-10-24,,1579
HU7020,珠海,海口,23:35,1234567,666/2666,海南航空,广东,海南,珠海金湾机场,海口美兰国际机场,ZUH,HAK,01:05,9.28~10.10,2026-09-28,2026-10-10,,1580
HU7204,合肥,广州,23:35,1234567,666/2666,海南航空,安徽,广东,合肥新桥国际机场,广州白云国际机场,HFE,CAN,01:40,,2026-09-01,2026-10-24,,1581
PN6218,呼和浩特,郑州,23:35,357,666/2666,西部航空,内蒙古,河南,呼和浩特白塔国际机场,郑州新郑国际机场,HET,CGO,01:10,,2026-09-01,2026-10-24,,1582
PN6252,合肥,重庆,23:35,1234567,666/2666,西部航空,安徽,重庆,合肥新桥国际机场,重庆江北国际机场,HFE,CKG,01:40,,2026-09-01,2026-10-24,,1583
FU6602,舟山,福州,23:40,1234567,666/2666,福州航空,浙江,福建,舟山普陀山机场,福州长乐国际机场,HSN,FOC,00:50,,2026-09-01,2026-10-24,,1584
GX8932,泸州,海口,23:40,1234567,666/2666,北部湾航空,四川,海南,泸州云龙机场,海口美兰国际机场,LZO,HAK,01:35,,2026-09-01,2026-10-24,,1585
JD5588,南宁,三亚,23:40,1234567,666/2666,首都航空,广西,海南,南宁吴圩国际机场,三亚凤凰国际机场,NNG,SYX,01:05,,2026-09-01,2026-10-24,,1586
PN6206,广州,重庆,23:40,1234567,666/2666,西部航空,广东,重庆,广州白云国际机场,重庆江北国际机场,CAN,CKG,01:55,,2026-09-01,2026-10-24,,1587
PN6322,深圳,合肥,23:40,1234567,666/2666,西部航空,广东,安徽,深圳宝安国际机场,合肥新桥国际机场,SZX,HFE,01:50,,2026-09-01,2026-10-24,,1588
PN6510,深圳,重庆,23:40,1234567,666/2666,西部航空,广东,重庆,深圳宝安国际机场,重庆江北国际机场,SZX,CKG,01:55,10.11止,2026-09-01,2026-10-11,,1589
GS7466,楼兰,乌鲁木齐,23:45,1357,666/2666,天津航空,新疆,新疆,若羌楼兰机场,乌鲁木齐天山国际机场,RQA,URC,00:55,,2026-09-01,2026-10-24,,1590
GS7640,丽江,西安,23:50,1234567,666/2666,天津航空,云南,陕西,丽江三义国际机场,西安咸阳国际机场,LJG,XIY,01:40,9.28始,2026-09-28,2026-10-24,,1591
HU7096,南宁,海口,23:50,1234567,666/2666,海南航空,广西,海南,南宁吴圩国际机场,海口美兰国际机场,NNG,HAK,01:10,,2026-09-01,2026-10-24,,1592
PN6264,珠海,重庆,23:50,1234567,666/2666,西部航空,广东,重庆,珠海金湾机场,重庆江北国际机场,ZUH,CKG,01:55,,2026-09-01,2026-10-24,,1593
GS7478,阿克苏,乌鲁木齐,23:55,1357,666/2666,天津航空,新疆,新疆,阿克苏红旗坡机场,乌鲁木齐天山国际机场,AKU,URC,01:45,,2026-09-01,2026-10-24,,1594
PN6344,西宁,郑州,23:55,1357,666/2666,西部航空,青海,河南,西宁曹家堡国际机场,郑州新郑国际机场,XNN,CGO,01:55,,2026-09-01,2026-10-24,,1595
